image,pid,bbox,center,occlusion,intent
"['../JAAD\\images\\video_0001\\00000.png', '../JAAD\\images\\video_0001\\00015.png', '../JAAD\\images\\video_0001\\00030.png', '../JAAD\\images\\video_0001\\00045.png', '../JAAD\\images\\video_0001\\00060.png', '../JAAD\\images\\video_0001\\00075.png', '../JAAD\\images\\video_0001\\00090.png', '../JAAD\\images\\video_0001\\00105.png', '../JAAD\\images\\video_0001\\00120.png', '../JAAD\\images\\video_0001\\00135.png', '../JAAD\\images\\video_0001\\00150.png', '../JAAD\\images\\video_0001\\00165.png', '../JAAD\\images\\video_0001\\00180.png', '../JAAD\\images\\video_0001\\00195.png', '../JAAD\\images\\video_0001\\00210.png', '../JAAD\\images\\video_0001\\00225.png', '../JAAD\\images\\video_0001\\00240.png', '../JAAD\\images\\video_0001\\00255.png', '../JAAD\\images\\video_0001\\00270.png', '../JAAD\\images\\video_0001\\00285.png', '../JAAD\\images\\video_0001\\00300.png', '../JAAD\\images\\video_0001\\00315.png', '../JAAD\\images\\video_0001\\00330.png', '../JAAD\\images\\video_0001\\00345.png', '../JAAD\\images\\video_0001\\00360.png']","[['0_1_3b'], ['0_1_3b'], ['0_1_3b'], ['0_1_3b'], ['0_1_3b'], ['0_1_3b'], ['0_1_3b'], ['0_1_3b'], ['0_1_3b'], ['0_1_3b'], ['0_1_3b'], ['0_1_3b'], ['0_1_3b'], ['0_1_3b'], ['0_1_3b'], ['0_1_3b'], ['0_1_3b'], ['0_1_3b'], ['0_1_3b'], ['0_1_3b'], ['0_1_3b'], ['0_1_3b'], ['0_1_3b'], ['0_1_3b'], ['0_1_3b']]","[[465.0, 730.0, 533.0, 848.0], [440.0, 730.0, 518.0, 855.0], [437.0, 714.0, 499.0, 856.0], [437.0, 701.0, 494.0, 861.0], [443.0, 702.0, 504.0, 868.0], [439.0, 701.0, 504.0, 875.0], [443.0, 702.0, 505.0, 884.0], [447.0, 701.0, 517.0, 897.0], [478.0, 700.0, 552.0, 905.0], [521.0, 695.0, 600.0, 912.0], [543.0, 694.0, 636.0, 913.0], [545.0, 693.0, 634.0, 915.0], [550.0, 695.0, 631.0, 917.0], [549.0, 693.0, 624.0, 917.0], [550.0, 692.0, 622.0, 916.0], [549.0, 692.0, 621.0, 917.0], [548.0, 692.0, 620.0, 918.0], [549.0, 693.0, 619.0, 918.0], [548.0, 692.0, 619.0, 918.0], [548.0, 692.0, 619.0, 918.0], [548.0, 692.0, 619.0, 918.0], [547.0, 691.0, 619.0, 918.0], [555.0, 691.0, 626.0, 916.0], [550.0, 692.0, 628.0, 920.0], [555.0, 695.0, 631.0, 921.0]]","[[499.0, 789.0], [479.0, 792.5], [468.0, 785.0], [465.5, 781.0], [473.5, 785.0], [471.5, 788.0], [474.0, 793.0], [482.0, 799.0], [515.0, 802.5], [560.5, 803.5], [589.5, 803.5], [589.5, 804.0], [590.5, 806.0], [586.5, 805.0], [586.0, 804.0], [585.0, 804.5], [584.0, 805.0], [584.0, 805.5], [583.5, 805.0], [583.5, 805.0], [583.5, 805.0], [583.0, 804.5], [590.5, 803.5], [589.0, 806.0], [593.0, 808.0]]","[0, 0, 0, 0, 0, 0, 0, 0, 0, 0, 0, 0, 0, 0, 0, 0, 0, 0, 0, 0, 0, 0, 0, 0, 0]","[[0], [0], [0], [0], [0], [0], [0], [0], [0], [0], [0], [0], [0], [0], [0], [0], [0], [0], [0], [0], [0], [0], [0], [0], [0]]"
"['../JAAD\\images\\video_0318\\00000.png', '../JAAD\\images\\video_0318\\00015.png', '../JAAD\\images\\video_0318\\00030.png', '../JAAD\\images\\video_0318\\00045.png', '../JAAD\\images\\video_0318\\00060.png', '../JAAD\\images\\video_0318\\00075.png', '../JAAD\\images\\video_0318\\00090.png', '../JAAD\\images\\video_0318\\00105.png', '../JAAD\\images\\video_0318\\00120.png', '../JAAD\\images\\video_0318\\00135.png', '../JAAD\\images\\video_0318\\00150.png', '../JAAD\\images\\video_0318\\00165.png', '../JAAD\\images\\video_0318\\00180.png', '../JAAD\\images\\video_0318\\00195.png', '../JAAD\\images\\video_0318\\00210.png', '../JAAD\\images\\video_0318\\00225.png']","[['0_318_2504b'], ['0_318_2504b'], ['0_318_2504b'], ['0_318_2504b'], ['0_318_2504b'], ['0_318_2504b'], ['0_318_2504b'], ['0_318_2504b'], ['0_318_2504b'], ['0_318_2504b'], ['0_318_2504b'], ['0_318_2504b'], ['0_318_2504b'], ['0_318_2504b'], ['0_318_2504b'], ['0_318_2504b']]","[[645.0, 610.0, 784.0, 897.0], [658.0, 603.0, 811.0, 913.0], [666.0, 596.0, 827.0, 928.0], [661.0, 586.0, 833.0, 943.0], [665.0, 595.0, 847.0, 970.0], [672.0, 590.0, 867.0, 996.0], [690.0, 585.0, 904.0, 1010.0], [696.0, 576.0, 921.0, 1023.0], [710.0, 568.0, 939.0, 1019.0], [717.0, 556.0, 951.0, 1021.0], [720.0, 555.0, 959.0, 1019.0], [723.0, 561.0, 960.0, 1018.0], [716.0, 573.0, 957.0, 1029.0], [712.0, 572.0, 939.0, 1017.0], [683.0, 584.0, 907.0, 1017.0], [637.0, 585.0, 851.0, 1018.0]]","[[714.5, 753.5], [734.5, 758.0], [746.5, 762.0], [747.0, 764.5], [756.0, 782.5], [769.5, 793.0], [797.0, 797.5], [808.5, 799.5], [824.5, 793.5], [834.0, 788.5], [839.5, 787.0], [841.5, 789.5], [836.5, 801.0], [825.5, 794.5], [795.0, 800.5], [744.0, 801.5]]","[0, 0, 0, 0, 0, 0, 0, 0, 0, 0, 0, 0, 0, 0, 0, 0]","[[0], [0], [0], [0], [0], [0], [0], [0], [0], [0], [0], [0], [0], [0], [0], [0]]"
"['../JAAD\\images\\video_0038\\00000.png', '../JAAD\\images\\video_0038\\00015.png', '../JAAD\\images\\video_0038\\00030.png', '../JAAD\\images\\video_0038\\00045.png', '../JAAD\\images\\video_0038\\00060.png', '../JAAD\\images\\video_0038\\00075.png', '../JAAD\\images\\video_0038\\00090.png', '../JAAD\\images\\video_0038\\00105.png', '../JAAD\\images\\video_0038\\00120.png', '../JAAD\\images\\video_0038\\00135.png', '../JAAD\\images\\video_0038\\00150.png', '../JAAD\\images\\video_0038\\00165.png', '../JAAD\\images\\video_0038\\00180.png', '../JAAD\\images\\video_0038\\00195.png', '../JAAD\\images\\video_0038\\00210.png', '../JAAD\\images\\video_0038\\00225.png', '../JAAD\\images\\video_0038\\00240.png', '../JAAD\\images\\video_0038\\00255.png', '../JAAD\\images\\video_0038\\00270.png', '../JAAD\\images\\video_0038\\00285.png', '../JAAD\\images\\video_0038\\00300.png', '../JAAD\\images\\video_0038\\00315.png', '../JAAD\\images\\video_0038\\00330.png', '../JAAD\\images\\video_0038\\00345.png', '../JAAD\\images\\video_0038\\00360.png', '../JAAD\\images\\video_0038\\00375.png', '../JAAD\\images\\video_0038\\00390.png', '../JAAD\\images\\video_0038\\00405.png', '../JAAD\\images\\video_0038\\00420.png', '../JAAD\\images\\video_0038\\00435.png', '../JAAD\\images\\video_0038\\00450.png', '../JAAD\\images\\video_0038\\00465.png', '../JAAD\\images\\video_0038\\00480.png', '../JAAD\\images\\video_0038\\00495.png', '../JAAD\\images\\video_0038\\00510.png', '../JAAD\\images\\video_0038\\00525.png', '../JAAD\\images\\video_0038\\00540.png', '../JAAD\\images\\video_0038\\00555.png', '../JAAD\\images\\video_0038\\00570.png']","[['0_38_178b'], ['0_38_178b'], ['0_38_178b'], ['0_38_178b'], ['0_38_178b'], ['0_38_178b'], ['0_38_178b'], ['0_38_178b'], ['0_38_178b'], ['0_38_178b'], ['0_38_178b'], ['0_38_178b'], ['0_38_178b'], ['0_38_178b'], ['0_38_178b'], ['0_38_178b'], ['0_38_178b'], ['0_38_178b'], ['0_38_178b'], ['0_38_178b'], ['0_38_178b'], ['0_38_178b'], ['0_38_178b'], ['0_38_178b'], ['0_38_178b'], ['0_38_178b'], ['0_38_178b'], ['0_38_178b'], ['0_38_178b'], ['0_38_178b'], ['0_38_178b'], ['0_38_178b'], ['0_38_178b'], ['0_38_178b'], ['0_38_178b'], ['0_38_178b'], ['0_38_178b'], ['0_38_178b'], ['0_38_178b']]","[[564.0, 771.0, 584.0, 857.0], [570.0, 769.0, 606.0, 860.0], [596.0, 767.0, 638.0, 865.0], [612.0, 767.0, 658.0, 873.0], [629.0, 766.0, 682.0, 881.0], [647.0, 765.0, 708.0, 889.0], [659.0, 763.0, 725.0, 895.0], [680.0, 759.0, 758.0, 901.0], [699.0, 756.0, 785.0, 909.0], [719.0, 755.0, 798.0, 919.0], [744.0, 753.0, 826.0, 927.0], [758.0, 754.0, 851.0, 941.0], [784.0, 752.0, 881.0, 947.0], [808.0, 750.0, 912.0, 952.0], [824.0, 749.0, 937.0, 958.0], [862.0, 745.0, 956.0, 965.0], [880.0, 745.0, 994.0, 970.0], [916.0, 742.0, 1004.0, 974.0], [935.0, 740.0, 1059.0, 976.0], [955.0, 737.0, 1088.0, 980.0], [990.0, 730.0, 1099.0, 983.0], [1025.0, 725.0, 1129.0, 989.0], [1059.0, 724.0, 1165.0, 995.0], [1097.0, 718.0, 1203.0, 997.0], [1142.0, 713.0, 1295.0, 997.0], [1210.0, 703.0, 1347.0, 999.0], [1285.0, 693.0, 1401.0, 1002.0], [1362.0, 687.0, 1486.0, 1008.0], [1429.0, 675.0, 1556.0, 1004.0], [1508.0, 662.0, 1679.0, 1000.0], [1585.0, 647.0, 1738.0, 1000.0], [1650.0, 634.0, 1791.0, 995.0], [1699.0, 625.0, 1836.0, 989.0], [1736.0, 619.0, 1874.0, 978.0], [1762.0, 615.0, 1903.0, 963.0], [1776.0, 608.0, 1919.0, 984.0], [1814.0, 593.0, 1919.0, 990.0], [1841.0, 569.0, 1919.0, 992.0], [1853.0, 588.0, 1918.0, 1006.0]]","[[574.0, 814.0], [588.0, 814.5], [617.0, 816.0], [635.0, 820.0], [655.5, 823.5], [677.5, 827.0], [692.0, 829.0], [719.0, 830.0], [742.0, 832.5], [758.5, 837.0], [785.0, 840.0], [804.5, 847.5], [832.5, 849.5], [860.0, 851.0], [880.5, 853.5], [909.0, 855.0], [937.0, 857.5], [960.0, 858.0], [997.0, 858.0], [1021.5, 858.5], [1044.5, 856.5], [1077.0, 857.0], [1112.0, 859.5], [1150.0, 857.5], [1218.5, 855.0], [1278.5, 851.0], [1343.0, 847.5], [1424.0, 847.5], [1492.5, 839.5], [1593.5, 831.0], [1661.5, 823.5], [1720.5, 814.5], [1767.5, 807.0], [1805.0, 798.5], [1832.5, 789.0], [1847.5, 796.0], [1866.5, 791.5], [1880.0, 780.5], [1885.5, 797.0]]","[1, 0, 0, 0, 0, 0, 0, 0, 0, 0, 0, 0, 0, 0, 0, 0, 0, 0, 0, 0, 0, 0, 0, 0, 0, 0, 0, 0, 0, 0, 0, 0, 0, 0, 0, 0, 1, 1, 2]","[[1], [1], [1], [1], [1], [1], [1], [1], [1], [1], [1], [1], [1], [1], [1], [1], [1], [1], [1], [1], [1], [1], [1], [1], [1], [1], [1], [1], [1], [1], [1], [1], [1], [1], [1], [1], [1], [1], [1]]"
"['../JAAD\\images\\video_0020\\00000.png', '../JAAD\\images\\video_0020\\00015.png', '../JAAD\\images\\video_0020\\00030.png', '../JAAD\\images\\video_0020\\00045.png', '../JAAD\\images\\video_0020\\00060.png', '../JAAD\\images\\video_0020\\00075.png', '../JAAD\\images\\video_0020\\00090.png', '../JAAD\\images\\video_0020\\00105.png', '../JAAD\\images\\video_0020\\00120.png', '../JAAD\\images\\video_0020\\00135.png', '../JAAD\\images\\video_0020\\00150.png', '../JAAD\\images\\video_0020\\00165.png', '../JAAD\\images\\video_0020\\00180.png', '../JAAD\\images\\video_0020\\00195.png', '../JAAD\\images\\video_0020\\00210.png', '../JAAD\\images\\video_0020\\00225.png', '../JAAD\\images\\video_0020\\00240.png', '../JAAD\\images\\video_0020\\00255.png', '../JAAD\\images\\video_0020\\00270.png', '../JAAD\\images\\video_0020\\00285.png', '../JAAD\\images\\video_0020\\00300.png', '../JAAD\\images\\video_0020\\00315.png', '../JAAD\\images\\video_0020\\00330.png', '../JAAD\\images\\video_0020\\00345.png', '../JAAD\\images\\video_0020\\00360.png', '../JAAD\\images\\video_0020\\00375.png']","[['0_20_86b'], ['0_20_86b'], ['0_20_86b'], ['0_20_86b'], ['0_20_86b'], ['0_20_86b'], ['0_20_86b'], ['0_20_86b'], ['0_20_86b'], ['0_20_86b'], ['0_20_86b'], ['0_20_86b'], ['0_20_86b'], ['0_20_86b'], ['0_20_86b'], ['0_20_86b'], ['0_20_86b'], ['0_20_86b'], ['0_20_86b'], ['0_20_86b'], ['0_20_86b'], ['0_20_86b'], ['0_20_86b'], ['0_20_86b'], ['0_20_86b'], ['0_20_86b']]","[[875.0, 637.0, 897.0, 701.0], [851.0, 633.0, 878.0, 709.0], [828.0, 630.0, 860.0, 717.0], [804.0, 626.0, 841.0, 725.0], [781.0, 623.0, 823.0, 734.0], [758.0, 616.0, 803.0, 745.0], [736.0, 609.0, 784.0, 756.0], [717.0, 604.0, 769.0, 765.0], [706.0, 602.0, 762.0, 772.0], [694.0, 599.0, 755.0, 777.0], [683.0, 597.0, 748.0, 783.0], [689.0, 595.0, 752.0, 786.0], [684.0, 595.0, 750.0, 789.0], [677.0, 595.0, 747.0, 791.0], [673.0, 594.0, 744.0, 792.0], [668.0, 593.0, 740.0, 794.0], [664.0, 592.0, 737.0, 795.0], [659.0, 591.0, 734.0, 796.0], [644.0, 588.0, 722.0, 805.0], [626.0, 583.0, 708.0, 816.0], [603.0, 578.0, 692.0, 830.0], [588.0, 572.0, 681.0, 847.0], [584.0, 566.0, 678.0, 864.0], [587.0, 563.0, 682.0, 865.0], [589.0, 560.0, 685.0, 865.0], [591.0, 557.0, 689.0, 865.0]]","[[886.0, 669.0], [864.5, 671.0], [844.0, 673.5], [822.5, 675.5], [802.0, 678.5], [780.5, 680.5], [760.0, 682.5], [743.0, 684.5], [734.0, 687.0], [724.5, 688.0], [715.5, 690.0], [720.5, 690.5], [717.0, 692.0], [712.0, 693.0], [708.5, 693.0], [704.0, 693.5], [700.5, 693.5], [696.5, 693.5], [683.0, 696.5], [667.0, 699.5], [647.5, 704.0], [634.5, 709.5], [631.0, 715.0], [634.5, 714.0], [637.0, 712.5], [640.0, 711.0]]","[0, 0, 0, 0, 0, 0, 0, 0, 0, 0, 0, 0, 0, 0, 0, 0, 0, 0, 0, 0, 0, 0, 0, 0, 0, 0]","[[1], [1], [1], [1], [1], [1], [1], [1], [1], [1], [1], [1], [1], [1], [1], [1], [1], [1], [1], [1], [1], [1], [1], [1], [1], [1]]"
"['../JAAD\\images\\video_0266\\00009.png', '../JAAD\\images\\video_0266\\00024.png', '../JAAD\\images\\video_0266\\00039.png', '../JAAD\\images\\video_0266\\00054.png', '../JAAD\\images\\video_0266\\00069.png', '../JAAD\\images\\video_0266\\00084.png', '../JAAD\\images\\video_0266\\00099.png', '../JAAD\\images\\video_0266\\00114.png', '../JAAD\\images\\video_0266\\00129.png', '../JAAD\\images\\video_0266\\00144.png', '../JAAD\\images\\video_0266\\00159.png', '../JAAD\\images\\video_0266\\00174.png', '../JAAD\\images\\video_0266\\00189.png', '../JAAD\\images\\video_0266\\00204.png', '../JAAD\\images\\video_0266\\00219.png', '../JAAD\\images\\video_0266\\00234.png', '../JAAD\\images\\video_0266\\00249.png', '../JAAD\\images\\video_0266\\00264.png', '../JAAD\\images\\video_0266\\00279.png', '../JAAD\\images\\video_0266\\00294.png', '../JAAD\\images\\video_0266\\00309.png', '../JAAD\\images\\video_0266\\00324.png', '../JAAD\\images\\video_0266\\00339.png', '../JAAD\\images\\video_0266\\00354.png']","[['0_266_2091b'], ['0_266_2091b'], ['0_266_2091b'], ['0_266_2091b'], ['0_266_2091b'], ['0_266_2091b'], ['0_266_2091b'], ['0_266_2091b'], ['0_266_2091b'], ['0_266_2091b'], ['0_266_2091b'], ['0_266_2091b'], ['0_266_2091b'], ['0_266_2091b'], ['0_266_2091b'], ['0_266_2091b'], ['0_266_2091b'], ['0_266_2091b'], ['0_266_2091b'], ['0_266_2091b'], ['0_266_2091b'], ['0_266_2091b'], ['0_266_2091b'], ['0_266_2091b']]","[[624.0, 658.0, 638.0, 696.0], [590.0, 648.0, 605.0, 694.0], [561.0, 653.0, 578.0, 701.0], [535.0, 643.0, 557.0, 701.0], [518.0, 645.0, 538.0, 705.0], [503.0, 663.0, 526.0, 728.0], [503.0, 645.0, 529.0, 713.0], [507.0, 645.0, 535.0, 716.0], [517.0, 640.0, 547.0, 711.0], [534.0, 629.0, 567.0, 702.0], [557.0, 638.0, 584.0, 708.0], [584.0, 651.0, 609.0, 727.0], [604.0, 658.0, 635.0, 730.0], [627.0, 658.0, 656.0, 736.0], [655.0, 659.0, 683.0, 741.0], [682.0, 667.0, 714.0, 750.0], [716.0, 673.0, 748.0, 759.0], [748.0, 677.0, 777.0, 764.0], [774.0, 678.0, 810.0, 770.0], [809.0, 668.0, 855.0, 777.0], [842.0, 667.0, 901.0, 785.0], [884.0, 668.0, 957.0, 803.0], [938.0, 669.0, 1027.0, 828.0], [1015.0, 656.0, 1119.0, 840.0]]","[[631.0, 677.0], [597.5, 671.0], [569.5, 677.0], [546.0, 672.0], [528.0, 675.0], [514.5, 695.5], [516.0, 679.0], [521.0, 680.5], [532.0, 675.5], [550.5, 665.5], [570.5, 673.0], [596.5, 689.0], [619.5, 694.0], [641.5, 697.0], [669.0, 700.0], [698.0, 708.5], [732.0, 716.0], [762.5, 720.5], [792.0, 724.0], [832.0, 722.5], [871.5, 726.0], [920.5, 735.5], [982.5, 748.5], [1067.0, 748.0]]","[0, 0, 2, 0, 0, 0, 0, 0, 0, 0, 2, 1, 1, 0, 0, 0, 0, 0, 0, 0, 0, 0, 0, 0]","[[1], [1], [1], [1], [1], [1], [1], [1], [1], [1], [1], [1], [1], [1], [1], [1], [1], [1], [1], [1], [1], [1], [1], [1]]"
"['../JAAD\\images\\video_0147\\00000.png', '../JAAD\\images\\video_0147\\00015.png', '../JAAD\\images\\video_0147\\00030.png', '../JAAD\\images\\video_0147\\00045.png', '../JAAD\\images\\video_0147\\00060.png', '../JAAD\\images\\video_0147\\00075.png', '../JAAD\\images\\video_0147\\00090.png', '../JAAD\\images\\video_0147\\00105.png', '../JAAD\\images\\video_0147\\00120.png', '../JAAD\\images\\video_0147\\00135.png', '../JAAD\\images\\video_0147\\00150.png', '../JAAD\\images\\video_0147\\00165.png', '../JAAD\\images\\video_0147\\00180.png', '../JAAD\\images\\video_0147\\00195.png', '../JAAD\\images\\video_0147\\00210.png', '../JAAD\\images\\video_0147\\00225.png', '../JAAD\\images\\video_0147\\00240.png', '../JAAD\\images\\video_0147\\00255.png', '../JAAD\\images\\video_0147\\00270.png', '../JAAD\\images\\video_0147\\00285.png', '../JAAD\\images\\video_0147\\00300.png', '../JAAD\\images\\video_0147\\00315.png', '../JAAD\\images\\video_0147\\00330.png', '../JAAD\\images\\video_0147\\00345.png']","[['0_147_949b'], ['0_147_949b'], ['0_147_949b'], ['0_147_949b'], ['0_147_949b'], ['0_147_949b'], ['0_147_949b'], ['0_147_949b'], ['0_147_949b'], ['0_147_949b'], ['0_147_949b'], ['0_147_949b'], ['0_147_949b'], ['0_147_949b'], ['0_147_949b'], ['0_147_949b'], ['0_147_949b'], ['0_147_949b'], ['0_147_949b'], ['0_147_949b'], ['0_147_949b'], ['0_147_949b'], ['0_147_949b'], ['0_147_949b']]","[[1046.0, 696.0, 1075.0, 764.0], [1043.0, 686.0, 1076.0, 758.0], [1038.0, 694.0, 1082.0, 772.0], [1034.0, 689.0, 1078.0, 778.0], [1018.0, 694.0, 1078.0, 796.0], [1006.0, 685.0, 1066.0, 805.0], [977.0, 684.0, 1057.0, 827.0], [935.0, 671.0, 1024.0, 837.0], [874.0, 669.0, 988.0, 870.0], [800.0, 669.0, 936.0, 900.0], [713.0, 650.0, 866.0, 923.0], [597.0, 652.0, 766.0, 961.0], [486.0, 644.0, 662.0, 984.0], [400.0, 641.0, 585.0, 1014.0], [370.0, 646.0, 562.0, 1035.0], [328.0, 646.0, 506.0, 1041.0], [329.0, 643.0, 544.0, 1036.0], [349.0, 639.0, 533.0, 1027.0], [376.0, 630.0, 565.0, 1015.0], [408.0, 632.0, 592.0, 1009.0], [465.0, 627.0, 653.0, 1002.0], [546.0, 636.0, 718.0, 991.0], [688.0, 636.0, 842.0, 985.0], [851.0, 631.0, 978.0, 985.0]]","[[1060.5, 730.0], [1059.5, 722.0], [1060.0, 733.0], [1056.0, 733.5], [1048.0, 745.0], [1036.0, 745.0], [1017.0, 755.5], [979.5, 754.0], [931.0, 769.5], [868.0, 784.5], [789.5, 786.5], [681.5, 806.5], [574.0, 814.0], [492.5, 827.5], [466.0, 840.5], [417.0, 843.5], [436.5, 839.5], [441.0, 833.0], [470.5, 822.5], [500.0, 820.5], [559.0, 814.5], [632.0, 813.5], [765.0, 810.5], [914.5, 808.0]]","[0, 0, 0, 0, 0, 0, 0, 0, 0, 0, 0, 0, 0, 0, 0, 0, 0, 0, 0, 0, 0, 0, 0, 0]","[[1], [1], [1], [1], [1], [1], [1], [1], [1], [1], [1], [1], [1], [1], [1], [1], [1], [1], [1], [1], [1], [1], [1], [1]]"
"['../JAAD\\images\\video_0039\\00000.png', '../JAAD\\images\\video_0039\\00015.png', '../JAAD\\images\\video_0039\\00030.png', '../JAAD\\images\\video_0039\\00045.png', '../JAAD\\images\\video_0039\\00060.png', '../JAAD\\images\\video_0039\\00075.png', '../JAAD\\images\\video_0039\\00090.png', '../JAAD\\images\\video_0039\\00105.png', '../JAAD\\images\\video_0039\\00120.png', '../JAAD\\images\\video_0039\\00135.png', '../JAAD\\images\\video_0039\\00150.png', '../JAAD\\images\\video_0039\\00165.png', '../JAAD\\images\\video_0039\\00180.png', '../JAAD\\images\\video_0039\\00195.png', '../JAAD\\images\\video_0039\\00210.png', '../JAAD\\images\\video_0039\\00225.png', '../JAAD\\images\\video_0039\\00240.png', '../JAAD\\images\\video_0039\\00255.png', '../JAAD\\images\\video_0039\\00270.png', '../JAAD\\images\\video_0039\\00285.png', '../JAAD\\images\\video_0039\\00300.png', '../JAAD\\images\\video_0039\\00315.png', '../JAAD\\images\\video_0039\\00330.png', '../JAAD\\images\\video_0039\\00345.png']","[['0_39_192b'], ['0_39_192b'], ['0_39_192b'], ['0_39_192b'], ['0_39_192b'], ['0_39_192b'], ['0_39_192b'], ['0_39_192b'], ['0_39_192b'], ['0_39_192b'], ['0_39_192b'], ['0_39_192b'], ['0_39_192b'], ['0_39_192b'], ['0_39_192b'], ['0_39_192b'], ['0_39_192b'], ['0_39_192b'], ['0_39_192b'], ['0_39_192b'], ['0_39_192b'], ['0_39_192b'], ['0_39_192b'], ['0_39_192b']]","[[1586.0, 658.0, 1702.0, 863.0], [1577.0, 661.0, 1705.0, 876.0], [1539.0, 665.0, 1644.0, 884.0], [1501.0, 674.0, 1626.0, 891.0], [1456.0, 673.0, 1556.0, 896.0], [1408.0, 674.0, 1536.0, 902.0], [1362.0, 672.0, 1471.0, 908.0], [1310.0, 679.0, 1432.0, 921.0], [1264.0, 679.0, 1350.0, 917.0], [1204.0, 684.0, 1325.0, 922.0], [1163.0, 684.0, 1245.0, 926.0], [1114.0, 695.0, 1216.0, 931.0], [1081.0, 693.0, 1161.0, 923.0], [1044.0, 705.0, 1137.0, 927.0], [1008.0, 706.0, 1093.0, 922.0], [979.0, 714.0, 1056.0, 927.0], [953.0, 720.0, 1026.0, 928.0], [931.0, 730.0, 1015.0, 932.0], [908.0, 730.0, 984.0, 936.0], [883.0, 739.0, 958.0, 947.0], [839.0, 737.0, 913.0, 946.0], [777.0, 743.0, 855.0, 954.0], [708.0, 749.0, 782.0, 964.0], [632.0, 760.0, 705.0, 976.0]]","[[1644.0, 760.5], [1641.0, 768.5], [1591.5, 774.5], [1563.5, 782.5], [1506.0, 784.5], [1472.0, 788.0], [1416.5, 790.0], [1371.0, 800.0], [1307.0, 798.0], [1264.5, 803.0], [1204.0, 805.0], [1165.0, 813.0], [1121.0, 808.0], [1090.5, 816.0], [1050.5, 814.0], [1017.5, 820.5], [989.5, 824.0], [973.0, 831.0], [946.0, 833.0], [920.5, 843.0], [876.0, 841.5], [816.0, 848.5], [745.0, 856.5], [668.5, 868.0]]","[0, 0, 0, 0, 0, 0, 0, 0, 0, 0, 0, 0, 0, 0, 0, 0, 0, 0, 0, 0, 0, 0, 0, 0]","[[1], [1], [1], [1], [1], [1], [1], [1], [1], [1], [1], [1], [1], [1], [1], [1], [1], [1], [1], [1], [1], [1], [1], [1]]"
"['../JAAD\\images\\video_0054\\00000.png', '../JAAD\\images\\video_0054\\00015.png', '../JAAD\\images\\video_0054\\00030.png', '../JAAD\\images\\video_0054\\00045.png', '../JAAD\\images\\video_0054\\00060.png', '../JAAD\\images\\video_0054\\00075.png', '../JAAD\\images\\video_0054\\00090.png', '../JAAD\\images\\video_0054\\00105.png', '../JAAD\\images\\video_0054\\00120.png', '../JAAD\\images\\video_0054\\00135.png', '../JAAD\\images\\video_0054\\00150.png', '../JAAD\\images\\video_0054\\00165.png', '../JAAD\\images\\video_0054\\00180.png', '../JAAD\\images\\video_0054\\00195.png', '../JAAD\\images\\video_0054\\00210.png', '../JAAD\\images\\video_0054\\00225.png', '../JAAD\\images\\video_0054\\00240.png', '../JAAD\\images\\video_0054\\00255.png', '../JAAD\\images\\video_0054\\00270.png', '../JAAD\\images\\video_0054\\00285.png', '../JAAD\\images\\video_0054\\00300.png', '../JAAD\\images\\video_0054\\00315.png', '../JAAD\\images\\video_0054\\00330.png', '../JAAD\\images\\video_0054\\00345.png']","[['0_54_239b'], ['0_54_239b'], ['0_54_239b'], ['0_54_239b'], ['0_54_239b'], ['0_54_239b'], ['0_54_239b'], ['0_54_239b'], ['0_54_239b'], ['0_54_239b'], ['0_54_239b'], ['0_54_239b'], ['0_54_239b'], ['0_54_239b'], ['0_54_239b'], ['0_54_239b'], ['0_54_239b'], ['0_54_239b'], ['0_54_239b'], ['0_54_239b'], ['0_54_239b'], ['0_54_239b'], ['0_54_239b'], ['0_54_239b']]","[[640.0, 652.0, 672.0, 719.0], [619.0, 654.0, 655.0, 728.0], [602.0, 650.0, 646.0, 734.0], [593.0, 644.0, 639.0, 738.0], [591.0, 642.0, 649.0, 749.0], [600.0, 638.0, 645.0, 756.0], [611.0, 635.0, 669.0, 765.0], [633.0, 630.0, 696.0, 776.0], [662.0, 625.0, 739.0, 787.0], [707.0, 617.0, 792.0, 797.0], [767.0, 612.0, 864.0, 809.0], [858.0, 603.0, 932.0, 817.0], [946.0, 597.0, 1009.0, 822.0], [1035.0, 594.0, 1098.0, 827.0], [1122.0, 591.0, 1186.0, 825.0], [1199.0, 589.0, 1268.0, 815.0], [1267.0, 587.0, 1350.0, 813.0], [1342.0, 586.0, 1433.0, 808.0], [1414.0, 580.0, 1511.0, 805.0], [1474.0, 573.0, 1596.0, 807.0], [1572.0, 570.0, 1683.0, 803.0], [1670.0, 567.0, 1779.0, 798.0], [1768.0, 547.0, 1881.0, 792.0], [1867.0, 529.0, 1919.0, 785.0]]","[[656.0, 685.5], [637.0, 691.0], [624.0, 692.0], [616.0, 691.0], [620.0, 695.5], [622.5, 697.0], [640.0, 700.0], [664.5, 703.0], [700.5, 706.0], [749.5, 707.0], [815.5, 710.5], [895.0, 710.0], [977.5, 709.5], [1066.5, 710.5], [1154.0, 708.0], [1233.5, 702.0], [1308.5, 700.0], [1387.5, 697.0], [1462.5, 692.5], [1535.0, 690.0], [1627.5, 686.5], [1724.5, 682.5], [1824.5, 669.5], [1893.0, 657.0]]","[0, 0, 0, 0, 0, 0, 0, 0, 0, 0, 0, 0, 0, 0, 0, 0, 0, 0, 0, 0, 0, 0, 0, 1]","[[1], [1], [1], [1], [1], [1], [1], [1], [1], [1], [1], [1], [1], [1], [1], [1], [1], [1], [1], [1], [1], [1], [1], [1]]"
"['../JAAD\\images\\video_0138\\00000.png', '../JAAD\\images\\video_0138\\00015.png', '../JAAD\\images\\video_0138\\00030.png', '../JAAD\\images\\video_0138\\00045.png', '../JAAD\\images\\video_0138\\00060.png', '../JAAD\\images\\video_0138\\00075.png', '../JAAD\\images\\video_0138\\00090.png', '../JAAD\\images\\video_0138\\00105.png', '../JAAD\\images\\video_0138\\00120.png', '../JAAD\\images\\video_0138\\00135.png', '../JAAD\\images\\video_0138\\00150.png', '../JAAD\\images\\video_0138\\00165.png', '../JAAD\\images\\video_0138\\00180.png', '../JAAD\\images\\video_0138\\00195.png', '../JAAD\\images\\video_0138\\00210.png', '../JAAD\\images\\video_0138\\00225.png', '../JAAD\\images\\video_0138\\00240.png', '../JAAD\\images\\video_0138\\00255.png', '../JAAD\\images\\video_0138\\00270.png', '../JAAD\\images\\video_0138\\00285.png']","[['0_138_859b'], ['0_138_859b'], ['0_138_859b'], ['0_138_859b'], ['0_138_859b'], ['0_138_859b'], ['0_138_859b'], ['0_138_859b'], ['0_138_859b'], ['0_138_859b'], ['0_138_859b'], ['0_138_859b'], ['0_138_859b'], ['0_138_859b'], ['0_138_859b'], ['0_138_859b'], ['0_138_859b'], ['0_138_859b'], ['0_138_859b'], ['0_138_859b']]","[[1582.0, 602.0, 1642.0, 725.0], [1519.0, 602.0, 1586.0, 734.0], [1476.0, 597.0, 1548.0, 739.0], [1459.0, 598.0, 1530.0, 746.0], [1444.0, 595.0, 1521.0, 749.0], [1446.0, 585.0, 1525.0, 751.0], [1439.0, 581.0, 1513.0, 752.0], [1453.0, 582.0, 1528.0, 754.0], [1458.0, 575.0, 1521.0, 750.0], [1448.0, 567.0, 1513.0, 734.0], [1437.0, 571.0, 1496.0, 735.0], [1427.0, 568.0, 1481.0, 726.0], [1420.0, 572.0, 1480.0, 722.0], [1421.0, 567.0, 1482.0, 719.0], [1422.0, 567.0, 1479.0, 714.0], [1430.0, 568.0, 1488.0, 719.0], [1445.0, 575.0, 1502.0, 726.0], [1470.0, 578.0, 1526.0, 731.0], [1509.0, 577.0, 1569.0, 743.0], [1602.0, 574.0, 1677.0, 762.0]]","[[1612.0, 663.5], [1552.5, 668.0], [1512.0, 668.0], [1494.5, 672.0], [1482.5, 672.0], [1485.5, 668.0], [1476.0, 666.5], [1490.5, 668.0], [1489.5, 662.5], [1480.5, 650.5], [1466.5, 653.0], [1454.0, 647.0], [1450.0, 647.0], [1451.5, 643.0], [1450.5, 640.5], [1459.0, 643.5], [1473.5, 650.5], [1498.0, 654.5], [1539.0, 660.0], [1639.5, 668.0]]","[0, 0, 0, 0, 0, 0, 0, 0, 0, 0, 0, 0, 0, 0, 0, 0, 0, 0, 0, 0]","[[1], [1], [1], [1], [1], [1], [1], [1], [1], [1], [1], [1], [1], [1], [1], [1], [1], [1], [1], [1]]"
"['../JAAD\\images\\video_0341\\00000.png', '../JAAD\\images\\video_0341\\00015.png', '../JAAD\\images\\video_0341\\00030.png', '../JAAD\\images\\video_0341\\00045.png', '../JAAD\\images\\video_0341\\00060.png', '../JAAD\\images\\video_0341\\00075.png', '../JAAD\\images\\video_0341\\00090.png', '../JAAD\\images\\video_0341\\00105.png', '../JAAD\\images\\video_0341\\00120.png', '../JAAD\\images\\video_0341\\00135.png', '../JAAD\\images\\video_0341\\00150.png', '../JAAD\\images\\video_0341\\00165.png', '../JAAD\\images\\video_0341\\00180.png', '../JAAD\\images\\video_0341\\00195.png', '../JAAD\\images\\video_0341\\00210.png', '../JAAD\\images\\video_0341\\00225.png', '../JAAD\\images\\video_0341\\00240.png', '../JAAD\\images\\video_0341\\00255.png', '../JAAD\\images\\video_0341\\00270.png', '../JAAD\\images\\video_0341\\00285.png']","[['0_341_2662b'], ['0_341_2662b'], ['0_341_2662b'], ['0_341_2662b'], ['0_341_2662b'], ['0_341_2662b'], ['0_341_2662b'], ['0_341_2662b'], ['0_341_2662b'], ['0_341_2662b'], ['0_341_2662b'], ['0_341_2662b'], ['0_341_2662b'], ['0_341_2662b'], ['0_341_2662b'], ['0_341_2662b'], ['0_341_2662b'], ['0_341_2662b'], ['0_341_2662b'], ['0_341_2662b']]","[[476.0, 680.0, 537.0, 766.0], [446.0, 671.0, 515.0, 768.0], [413.0, 674.0, 489.0, 784.0], [372.0, 674.0, 453.0, 790.0], [335.0, 677.0, 430.0, 810.0], [299.0, 668.0, 405.0, 805.0], [264.0, 665.0, 369.0, 808.0], [229.0, 660.0, 344.0, 839.0], [194.0, 657.0, 302.0, 851.0], [158.0, 662.0, 278.0, 879.0], [124.0, 659.0, 266.0, 906.0], [108.0, 638.0, 252.0, 897.0], [82.0, 646.0, 253.0, 918.0], [107.0, 644.0, 276.0, 938.0], [139.0, 628.0, 333.0, 952.0], [175.0, 622.0, 410.0, 971.0], [230.0, 625.0, 488.0, 983.0], [327.0, 619.0, 588.0, 1000.0], [457.0, 610.0, 704.0, 1015.0], [591.0, 621.0, 826.0, 1020.0]]","[[506.5, 723.0], [480.5, 719.5], [451.0, 729.0], [412.5, 732.0], [382.5, 743.5], [352.0, 736.5], [316.5, 736.5], [286.5, 749.5], [248.0, 754.0], [218.0, 770.5], [195.0, 782.5], [180.0, 767.5], [167.5, 782.0], [191.5, 791.0], [236.0, 790.0], [292.5, 796.5], [359.0, 804.0], [457.5, 809.5], [580.5, 812.5], [708.5, 820.5]]","[0, 0, 0, 0, 0, 2, 0, 0, 0, 0, 0, 0, 0, 0, 0, 0, 0, 0, 0, 0]","[[1], [1], [1], [1], [1], [1], [1], [1], [1], [1], [1], [1], [1], [1], [1], [1], [1], [1], [1], [1]]"
"['../JAAD\\images\\video_0031\\00000.png', '../JAAD\\images\\video_0031\\00015.png', '../JAAD\\images\\video_0031\\00030.png', '../JAAD\\images\\video_0031\\00045.png', '../JAAD\\images\\video_0031\\00060.png', '../JAAD\\images\\video_0031\\00075.png', '../JAAD\\images\\video_0031\\00090.png', '../JAAD\\images\\video_0031\\00105.png', '../JAAD\\images\\video_0031\\00120.png', '../JAAD\\images\\video_0031\\00135.png', '../JAAD\\images\\video_0031\\00150.png', '../JAAD\\images\\video_0031\\00165.png', '../JAAD\\images\\video_0031\\00180.png', '../JAAD\\images\\video_0031\\00195.png', '../JAAD\\images\\video_0031\\00210.png', '../JAAD\\images\\video_0031\\00225.png', '../JAAD\\images\\video_0031\\00240.png', '../JAAD\\images\\video_0031\\00255.png', '../JAAD\\images\\video_0031\\00270.png', '../JAAD\\images\\video_0031\\00285.png']","[['0_31_149b'], ['0_31_149b'], ['0_31_149b'], ['0_31_149b'], ['0_31_149b'], ['0_31_149b'], ['0_31_149b'], ['0_31_149b'], ['0_31_149b'], ['0_31_149b'], ['0_31_149b'], ['0_31_149b'], ['0_31_149b'], ['0_31_149b'], ['0_31_149b'], ['0_31_149b'], ['0_31_149b'], ['0_31_149b'], ['0_31_149b'], ['0_31_149b']]","[[1364.0, 699.0, 1391.0, 784.0], [1262.0, 703.0, 1294.0, 792.0], [1161.0, 707.0, 1197.0, 800.0], [1063.0, 708.0, 1104.0, 807.0], [973.0, 704.0, 1017.0, 812.0], [902.0, 713.0, 952.0, 827.0], [865.0, 707.0, 903.0, 833.0], [859.0, 709.0, 918.0, 837.0], [881.0, 706.0, 930.0, 840.0], [912.0, 704.0, 964.0, 843.0], [938.0, 701.0, 992.0, 845.0], [992.0, 698.0, 1043.0, 845.0], [1046.0, 697.0, 1100.0, 851.0], [1094.0, 694.0, 1166.0, 855.0], [1139.0, 692.0, 1215.0, 862.0], [1190.0, 691.0, 1268.0, 872.0], [1212.0, 686.0, 1301.0, 887.0], [1276.0, 671.0, 1377.0, 908.0], [1413.0, 646.0, 1526.0, 936.0], [1644.0, 598.0, 1838.0, 953.0]]","[[1377.5, 741.5], [1278.0, 747.5], [1179.0, 753.5], [1083.5, 757.5], [995.0, 758.0], [927.0, 770.0], [884.0, 770.0], [888.5, 773.0], [905.5, 773.0], [938.0, 773.5], [965.0, 773.0], [1017.5, 771.5], [1073.0, 774.0], [1130.0, 774.5], [1177.0, 777.0], [1229.0, 781.5], [1256.5, 786.5], [1326.5, 789.5], [1469.5, 791.0], [1741.0, 775.5]]","[0, 0, 0, 0, 0, 0, 0, 0, 0, 0, 0, 0, 0, 0, 0, 0, 0, 0, 0, 0]","[[1], [1], [1], [1], [1], [1], [1], [1], [1], [1], [1], [1], [1], [1], [1], [1], [1], [1], [1], [1]]"
"['../JAAD\\images\\video_0039\\00026.png', '../JAAD\\images\\video_0039\\00041.png', '../JAAD\\images\\video_0039\\00056.png', '../JAAD\\images\\video_0039\\00071.png', '../JAAD\\images\\video_0039\\00086.png', '../JAAD\\images\\video_0039\\00101.png', '../JAAD\\images\\video_0039\\00116.png', '../JAAD\\images\\video_0039\\00131.png', '../JAAD\\images\\video_0039\\00146.png', '../JAAD\\images\\video_0039\\00161.png', '../JAAD\\images\\video_0039\\00176.png', '../JAAD\\images\\video_0039\\00191.png', '../JAAD\\images\\video_0039\\00206.png', '../JAAD\\images\\video_0039\\00221.png', '../JAAD\\images\\video_0039\\00236.png', '../JAAD\\images\\video_0039\\00251.png', '../JAAD\\images\\video_0039\\00266.png', '../JAAD\\images\\video_0039\\00281.png', '../JAAD\\images\\video_0039\\00296.png']","[['0_39_189b'], ['0_39_189b'], ['0_39_189b'], ['0_39_189b'], ['0_39_189b'], ['0_39_189b'], ['0_39_189b'], ['0_39_189b'], ['0_39_189b'], ['0_39_189b'], ['0_39_189b'], ['0_39_189b'], ['0_39_189b'], ['0_39_189b'], ['0_39_189b'], ['0_39_189b'], ['0_39_189b'], ['0_39_189b'], ['0_39_189b']]","[[1234.0, 735.0, 1278.0, 836.0], [1210.0, 734.0, 1246.0, 841.0], [1190.0, 730.0, 1225.0, 849.0], [1173.0, 730.0, 1212.0, 857.0], [1163.0, 725.0, 1215.0, 860.0], [1159.0, 724.0, 1228.0, 869.0], [1170.0, 716.0, 1237.0, 878.0], [1185.0, 716.0, 1252.0, 883.0], [1205.0, 705.0, 1287.0, 891.0], [1219.0, 701.0, 1314.0, 903.0], [1244.0, 692.0, 1343.0, 913.0], [1274.0, 687.0, 1389.0, 934.0], [1296.0, 673.0, 1435.0, 946.0], [1335.0, 671.0, 1471.0, 964.0], [1397.0, 660.0, 1539.0, 980.0], [1472.0, 648.0, 1644.0, 989.0], [1568.0, 615.0, 1747.0, 989.0], [1707.0, 593.0, 1885.0, 1015.0], [1860.0, 536.0, 1916.0, 1006.0]]","[[1256.0, 785.5], [1228.0, 787.5], [1207.5, 789.5], [1192.5, 793.5], [1189.0, 792.5], [1193.5, 796.5], [1203.5, 797.0], [1218.5, 799.5], [1246.0, 798.0], [1266.5, 802.0], [1293.5, 802.5], [1331.5, 810.5], [1365.5, 809.5], [1403.0, 817.5], [1468.0, 820.0], [1558.0, 818.5], [1657.5, 802.0], [1796.0, 804.0], [1888.0, 771.0]]","[2, 0, 1, 0, 0, 0, 0, 0, 2, 0, 0, 0, 0, 0, 0, 0, 0, 0, 2]","[[1], [1], [1], [1], [1], [1], [1], [1], [1], [1], [1], [1], [1], [1], [1], [1], [1], [1], [1]]"
"['../JAAD\\images\\video_0031\\00000.png', '../JAAD\\images\\video_0031\\00015.png', '../JAAD\\images\\video_0031\\00030.png', '../JAAD\\images\\video_0031\\00045.png', '../JAAD\\images\\video_0031\\00060.png', '../JAAD\\images\\video_0031\\00075.png', '../JAAD\\images\\video_0031\\00090.png', '../JAAD\\images\\video_0031\\00105.png', '../JAAD\\images\\video_0031\\00120.png', '../JAAD\\images\\video_0031\\00135.png', '../JAAD\\images\\video_0031\\00150.png', '../JAAD\\images\\video_0031\\00165.png', '../JAAD\\images\\video_0031\\00180.png', '../JAAD\\images\\video_0031\\00195.png', '../JAAD\\images\\video_0031\\00210.png', '../JAAD\\images\\video_0031\\00225.png', '../JAAD\\images\\video_0031\\00240.png', '../JAAD\\images\\video_0031\\00255.png', '../JAAD\\images\\video_0031\\00270.png']","[['0_31_155b'], ['0_31_155b'], ['0_31_155b'], ['0_31_155b'], ['0_31_155b'], ['0_31_155b'], ['0_31_155b'], ['0_31_155b'], ['0_31_155b'], ['0_31_155b'], ['0_31_155b'], ['0_31_155b'], ['0_31_155b'], ['0_31_155b'], ['0_31_155b'], ['0_31_155b'], ['0_31_155b'], ['0_31_155b'], ['0_31_155b']]","[[1504.0, 679.0, 1536.0, 780.0], [1437.0, 685.0, 1469.0, 787.0], [1373.0, 688.0, 1414.0, 798.0], [1306.0, 688.0, 1357.0, 804.0], [1248.0, 685.0, 1312.0, 810.0], [1208.0, 684.0, 1271.0, 818.0], [1182.0, 680.0, 1243.0, 823.0], [1192.0, 675.0, 1241.0, 827.0], [1222.0, 673.0, 1274.0, 832.0], [1248.0, 669.0, 1316.0, 833.0], [1284.0, 662.0, 1352.0, 833.0], [1333.0, 659.0, 1422.0, 833.0], [1395.0, 653.0, 1495.0, 830.0], [1465.0, 644.0, 1540.0, 824.0], [1524.0, 636.0, 1610.0, 819.0], [1573.0, 634.0, 1641.0, 827.0], [1617.0, 627.0, 1690.0, 831.0], [1690.0, 608.0, 1779.0, 828.0], [1821.0, 581.0, 1913.0, 834.0]]","[[1520.0, 729.5], [1453.0, 736.0], [1393.5, 743.0], [1331.5, 746.0], [1280.0, 747.5], [1239.5, 751.0], [1212.5, 751.5], [1216.5, 751.0], [1248.0, 752.5], [1282.0, 751.0], [1318.0, 747.5], [1377.5, 746.0], [1445.0, 741.5], [1502.5, 734.0], [1567.0, 727.5], [1607.0, 730.5], [1653.5, 729.0], [1734.5, 718.0], [1867.0, 707.5]]","[0, 0, 0, 0, 0, 0, 0, 0, 0, 0, 0, 0, 0, 0, 0, 0, 0, 0, 0]","[[1], [1], [1], [1], [1], [1], [1], [1], [1], [1], [1], [1], [1], [1], [1], [1], [1], [1], [1]]"
"['../JAAD\\images\\video_0056\\00000.png', '../JAAD\\images\\video_0056\\00015.png', '../JAAD\\images\\video_0056\\00030.png', '../JAAD\\images\\video_0056\\00045.png', '../JAAD\\images\\video_0056\\00060.png', '../JAAD\\images\\video_0056\\00075.png', '../JAAD\\images\\video_0056\\00090.png', '../JAAD\\images\\video_0056\\00105.png', '../JAAD\\images\\video_0056\\00120.png', '../JAAD\\images\\video_0056\\00135.png', '../JAAD\\images\\video_0056\\00150.png', '../JAAD\\images\\video_0056\\00165.png', '../JAAD\\images\\video_0056\\00180.png', '../JAAD\\images\\video_0056\\00195.png', '../JAAD\\images\\video_0056\\00210.png', '../JAAD\\images\\video_0056\\00225.png', '../JAAD\\images\\video_0056\\00240.png', '../JAAD\\images\\video_0056\\00255.png']","[['0_56_255b'], ['0_56_255b'], ['0_56_255b'], ['0_56_255b'], ['0_56_255b'], ['0_56_255b'], ['0_56_255b'], ['0_56_255b'], ['0_56_255b'], ['0_56_255b'], ['0_56_255b'], ['0_56_255b'], ['0_56_255b'], ['0_56_255b'], ['0_56_255b'], ['0_56_255b'], ['0_56_255b'], ['0_56_255b']]","[[572.0, 648.0, 608.0, 748.0], [494.0, 643.0, 539.0, 762.0], [416.0, 638.0, 470.0, 775.0], [333.0, 627.0, 389.0, 781.0], [253.0, 622.0, 333.0, 794.0], [209.0, 623.0, 280.0, 805.0], [185.0, 625.0, 264.0, 809.0], [202.0, 629.0, 284.0, 810.0], [244.0, 630.0, 331.0, 807.0], [292.0, 631.0, 357.0, 801.0], [336.0, 634.0, 412.0, 796.0], [395.0, 639.0, 460.0, 799.0], [462.0, 637.0, 538.0, 797.0], [587.0, 636.0, 644.0, 799.0], [760.0, 633.0, 833.0, 804.0], [1015.0, 618.0, 1082.0, 814.0], [1339.0, 590.0, 1419.0, 830.0], [1783.0, 528.0, 1891.0, 847.0]]","[[590.0, 698.0], [516.5, 702.5], [443.0, 706.5], [361.0, 704.0], [293.0, 708.0], [244.5, 714.0], [224.5, 717.0], [243.0, 719.5], [287.5, 718.5], [324.5, 716.0], [374.0, 715.0], [427.5, 719.0], [500.0, 717.0], [615.5, 717.5], [796.5, 718.5], [1048.5, 716.0], [1379.0, 710.0], [1837.0, 687.5]]","[0, 0, 0, 0, 0, 0, 1, 0, 0, 0, 1, 0, 0, 0, 0, 0, 0, 0]","[[1], [1], [1], [1], [1], [1], [1], [1], [1], [1], [1], [1], [1], [1], [1], [1], [1], [1]]"
"['../JAAD\\images\\video_0293\\00000.png', '../JAAD\\images\\video_0293\\00015.png', '../JAAD\\images\\video_0293\\00030.png', '../JAAD\\images\\video_0293\\00045.png', '../JAAD\\images\\video_0293\\00060.png', '../JAAD\\images\\video_0293\\00075.png', '../JAAD\\images\\video_0293\\00090.png', '../JAAD\\images\\video_0293\\00105.png', '../JAAD\\images\\video_0293\\00120.png', '../JAAD\\images\\video_0293\\00135.png', '../JAAD\\images\\video_0293\\00150.png', '../JAAD\\images\\video_0293\\00165.png', '../JAAD\\images\\video_0293\\00180.png', '../JAAD\\images\\video_0293\\00195.png', '../JAAD\\images\\video_0293\\00210.png', '../JAAD\\images\\video_0293\\00225.png', '../JAAD\\images\\video_0293\\00240.png', '../JAAD\\images\\video_0293\\00255.png']","[['0_293_2285b'], ['0_293_2285b'], ['0_293_2285b'], ['0_293_2285b'], ['0_293_2285b'], ['0_293_2285b'], ['0_293_2285b'], ['0_293_2285b'], ['0_293_2285b'], ['0_293_2285b'], ['0_293_2285b'], ['0_293_2285b'], ['0_293_2285b'], ['0_293_2285b'], ['0_293_2285b'], ['0_293_2285b'], ['0_293_2285b'], ['0_293_2285b']]","[[951.0, 670.0, 971.0, 707.0], [950.0, 671.0, 966.0, 709.0], [941.0, 682.0, 965.0, 725.0], [930.0, 666.0, 953.0, 717.0], [915.0, 665.0, 943.0, 722.0], [904.0, 658.0, 929.0, 723.0], [885.0, 668.0, 916.0, 743.0], [862.0, 654.0, 895.0, 743.0], [813.0, 633.0, 871.0, 743.0], [773.0, 648.0, 828.0, 774.0], [691.0, 630.0, 751.0, 779.0], [614.0, 615.0, 676.0, 793.0], [516.0, 599.0, 589.0, 795.0], [413.0, 580.0, 498.0, 797.0], [308.0, 577.0, 396.0, 818.0], [205.0, 570.0, 298.0, 813.0], [124.0, 563.0, 219.0, 804.0], [58.0, 563.0, 142.0, 797.0]]","[[961.0, 688.5], [958.0, 690.0], [953.0, 703.5], [941.5, 691.5], [929.0, 693.5], [916.5, 690.5], [900.5, 705.5], [878.5, 698.5], [842.0, 688.0], [800.5, 711.0], [721.0, 704.5], [645.0, 704.0], [552.5, 697.0], [455.5, 688.5], [352.0, 697.5], [251.5, 691.5], [171.5, 683.5], [100.0, 680.0]]","[0, 0, 0, 0, 0, 0, 0, 0, 0, 0, 0, 0, 0, 1, 0, 0, 0, 0]","[[1], [1], [1], [1], [1], [1], [1], [1], [1], [1], [1], [1], [1], [1], [1], [1], [1], [1]]"
"['../JAAD\\images\\video_0293\\00000.png', '../JAAD\\images\\video_0293\\00015.png', '../JAAD\\images\\video_0293\\00030.png', '../JAAD\\images\\video_0293\\00045.png', '../JAAD\\images\\video_0293\\00060.png', '../JAAD\\images\\video_0293\\00075.png', '../JAAD\\images\\video_0293\\00090.png', '../JAAD\\images\\video_0293\\00105.png', '../JAAD\\images\\video_0293\\00120.png', '../JAAD\\images\\video_0293\\00135.png', '../JAAD\\images\\video_0293\\00150.png', '../JAAD\\images\\video_0293\\00165.png', '../JAAD\\images\\video_0293\\00180.png', '../JAAD\\images\\video_0293\\00195.png', '../JAAD\\images\\video_0293\\00210.png', '../JAAD\\images\\video_0293\\00225.png', '../JAAD\\images\\video_0293\\00240.png', '../JAAD\\images\\video_0293\\00255.png']","[['0_293_2276b'], ['0_293_2276b'], ['0_293_2276b'], ['0_293_2276b'], ['0_293_2276b'], ['0_293_2276b'], ['0_293_2276b'], ['0_293_2276b'], ['0_293_2276b'], ['0_293_2276b'], ['0_293_2276b'], ['0_293_2276b'], ['0_293_2276b'], ['0_293_2276b'], ['0_293_2276b'], ['0_293_2276b'], ['0_293_2276b'], ['0_293_2276b']]","[[961.0, 672.0, 981.0, 705.0], [956.0, 670.0, 973.0, 710.0], [944.0, 678.0, 958.0, 725.0], [930.0, 667.0, 949.0, 717.0], [918.0, 671.0, 942.0, 723.0], [902.0, 656.0, 927.0, 723.0], [883.0, 667.0, 914.0, 741.0], [861.0, 657.0, 894.0, 741.0], [824.0, 634.0, 867.0, 737.0], [766.0, 648.0, 825.0, 768.0], [697.0, 633.0, 773.0, 774.0], [621.0, 621.0, 697.0, 785.0], [544.0, 611.0, 614.0, 805.0], [444.0, 579.0, 521.0, 796.0], [345.0, 585.0, 431.0, 813.0], [249.0, 577.0, 333.0, 807.0], [173.0, 577.0, 260.0, 801.0], [107.0, 570.0, 196.0, 798.0]]","[[971.0, 688.5], [964.5, 690.0], [951.0, 701.5], [939.5, 692.0], [930.0, 697.0], [914.5, 689.5], [898.5, 704.0], [877.5, 699.0], [845.5, 685.5], [795.5, 708.0], [735.0, 703.5], [659.0, 703.0], [579.0, 708.0], [482.5, 687.5], [388.0, 699.0], [291.0, 692.0], [216.5, 689.0], [151.5, 684.0]]","[2, 2, 2, 2, 2, 2, 2, 2, 2, 2, 2, 2, 1, 1, 0, 0, 0, 0]","[[1], [1], [1], [1], [1], [1], [1], [1], [1], [1], [1], [1], [1], [1], [1], [1], [1], [1]]"
"['../JAAD\\images\\video_0050\\00000.png', '../JAAD\\images\\video_0050\\00015.png', '../JAAD\\images\\video_0050\\00030.png', '../JAAD\\images\\video_0050\\00045.png', '../JAAD\\images\\video_0050\\00060.png', '../JAAD\\images\\video_0050\\00075.png', '../JAAD\\images\\video_0050\\00090.png', '../JAAD\\images\\video_0050\\00105.png', '../JAAD\\images\\video_0050\\00120.png', '../JAAD\\images\\video_0050\\00135.png', '../JAAD\\images\\video_0050\\00150.png', '../JAAD\\images\\video_0050\\00165.png', '../JAAD\\images\\video_0050\\00180.png', '../JAAD\\images\\video_0050\\00195.png', '../JAAD\\images\\video_0050\\00210.png', '../JAAD\\images\\video_0050\\00225.png', '../JAAD\\images\\video_0050\\00240.png', '../JAAD\\images\\video_0050\\00255.png']","[['0_50_221b'], ['0_50_221b'], ['0_50_221b'], ['0_50_221b'], ['0_50_221b'], ['0_50_221b'], ['0_50_221b'], ['0_50_221b'], ['0_50_221b'], ['0_50_221b'], ['0_50_221b'], ['0_50_221b'], ['0_50_221b'], ['0_50_221b'], ['0_50_221b'], ['0_50_221b'], ['0_50_221b'], ['0_50_221b']]","[[629.0, 702.0, 680.0, 791.0], [666.0, 701.0, 706.0, 793.0], [691.0, 700.0, 744.0, 797.0], [730.0, 699.0, 778.0, 799.0], [768.0, 697.0, 817.0, 799.0], [812.0, 692.0, 855.0, 801.0], [846.0, 696.0, 887.0, 802.0], [881.0, 698.0, 928.0, 805.0], [918.0, 696.0, 959.0, 807.0], [961.0, 689.0, 1001.0, 807.0], [997.0, 685.0, 1051.0, 808.0], [1054.0, 679.0, 1099.0, 809.0], [1117.0, 675.0, 1161.0, 817.0], [1188.0, 668.0, 1249.0, 832.0], [1290.0, 653.0, 1342.0, 839.0], [1386.0, 641.0, 1464.0, 863.0], [1489.0, 623.0, 1571.0, 868.0], [1606.0, 604.0, 1689.0, 878.0]]","[[654.5, 746.5], [686.0, 747.0], [717.5, 748.5], [754.0, 749.0], [792.5, 748.0], [833.5, 746.5], [866.5, 749.0], [904.5, 751.5], [938.5, 751.5], [981.0, 748.0], [1024.0, 746.5], [1076.5, 744.0], [1139.0, 746.0], [1218.5, 750.0], [1316.0, 746.0], [1425.0, 752.0], [1530.0, 745.5], [1647.5, 741.0]]","[1, 0, 0, 0, 0, 0, 0, 0, 0, 0, 0, 0, 0, 0, 0, 0, 0, 0]","[[1], [1], [1], [1], [1], [1], [1], [1], [1], [1], [1], [1], [1], [1], [1], [1], [1], [1]]"
"['../JAAD\\images\\video_0138\\00000.png', '../JAAD\\images\\video_0138\\00015.png', '../JAAD\\images\\video_0138\\00030.png', '../JAAD\\images\\video_0138\\00045.png', '../JAAD\\images\\video_0138\\00060.png', '../JAAD\\images\\video_0138\\00075.png', '../JAAD\\images\\video_0138\\00090.png', '../JAAD\\images\\video_0138\\00105.png', '../JAAD\\images\\video_0138\\00120.png', '../JAAD\\images\\video_0138\\00135.png', '../JAAD\\images\\video_0138\\00150.png', '../JAAD\\images\\video_0138\\00165.png', '../JAAD\\images\\video_0138\\00180.png', '../JAAD\\images\\video_0138\\00195.png', '../JAAD\\images\\video_0138\\00210.png', '../JAAD\\images\\video_0138\\00225.png', '../JAAD\\images\\video_0138\\00240.png', '../JAAD\\images\\video_0138\\00255.png']","[['0_138_856b'], ['0_138_856b'], ['0_138_856b'], ['0_138_856b'], ['0_138_856b'], ['0_138_856b'], ['0_138_856b'], ['0_138_856b'], ['0_138_856b'], ['0_138_856b'], ['0_138_856b'], ['0_138_856b'], ['0_138_856b'], ['0_138_856b'], ['0_138_856b'], ['0_138_856b'], ['0_138_856b'], ['0_138_856b']]","[[941.0, 646.0, 977.0, 745.0], [804.0, 634.0, 848.0, 746.0], [689.0, 634.0, 733.0, 757.0], [589.0, 627.0, 634.0, 761.0], [491.0, 622.0, 548.0, 771.0], [399.0, 617.0, 463.0, 783.0], [315.0, 611.0, 413.0, 794.0], [277.0, 611.0, 372.0, 812.0], [262.0, 610.0, 382.0, 826.0], [286.0, 614.0, 413.0, 841.0], [375.0, 605.0, 484.0, 845.0], [491.0, 591.0, 608.0, 855.0], [613.0, 594.0, 746.0, 856.0], [767.0, 590.0, 928.0, 865.0], [962.0, 593.0, 1090.0, 872.0], [1152.0, 594.0, 1300.0, 893.0], [1313.0, 602.0, 1488.0, 920.0], [1529.0, 608.0, 1716.0, 975.0]]","[[959.0, 695.5], [826.0, 690.0], [711.0, 695.5], [611.5, 694.0], [519.5, 696.5], [431.0, 700.0], [364.0, 702.5], [324.5, 711.5], [322.0, 718.0], [349.5, 727.5], [429.5, 725.0], [549.5, 723.0], [679.5, 725.0], [847.5, 727.5], [1026.0, 732.5], [1226.0, 743.5], [1400.5, 761.0], [1622.5, 791.5]]","[0, 0, 0, 0, 0, 0, 0, 1, 1, 2, 1, 0, 0, 0, 0, 0, 0, 0]","[[1], [1], [1], [1], [1], [1], [1], [1], [1], [1], [1], [1], [1], [1], [1], [1], [1], [1]]"
"['../JAAD\\images\\video_0138\\00000.png', '../JAAD\\images\\video_0138\\00015.png', '../JAAD\\images\\video_0138\\00030.png', '../JAAD\\images\\video_0138\\00045.png', '../JAAD\\images\\video_0138\\00060.png', '../JAAD\\images\\video_0138\\00075.png', '../JAAD\\images\\video_0138\\00090.png', '../JAAD\\images\\video_0138\\00105.png', '../JAAD\\images\\video_0138\\00120.png', '../JAAD\\images\\video_0138\\00135.png', '../JAAD\\images\\video_0138\\00150.png', '../JAAD\\images\\video_0138\\00165.png', '../JAAD\\images\\video_0138\\00180.png', '../JAAD\\images\\video_0138\\00195.png', '../JAAD\\images\\video_0138\\00210.png', '../JAAD\\images\\video_0138\\00225.png', '../JAAD\\images\\video_0138\\00240.png', '../JAAD\\images\\video_0138\\00255.png']","[['0_138_854b'], ['0_138_854b'], ['0_138_854b'], ['0_138_854b'], ['0_138_854b'], ['0_138_854b'], ['0_138_854b'], ['0_138_854b'], ['0_138_854b'], ['0_138_854b'], ['0_138_854b'], ['0_138_854b'], ['0_138_854b'], ['0_138_854b'], ['0_138_854b'], ['0_138_854b'], ['0_138_854b'], ['0_138_854b']]","[[974.0, 649.0, 1022.0, 743.0], [840.0, 641.0, 896.0, 743.0], [729.0, 639.0, 783.0, 754.0], [624.0, 632.0, 689.0, 758.0], [536.0, 623.0, 599.0, 770.0], [455.0, 618.0, 524.0, 773.0], [412.0, 612.0, 478.0, 790.0], [392.0, 606.0, 466.0, 803.0], [392.0, 604.0, 506.0, 817.0], [435.0, 601.0, 554.0, 832.0], [525.0, 594.0, 630.0, 837.0], [647.0, 591.0, 737.0, 850.0], [754.0, 590.0, 899.0, 850.0], [877.0, 599.0, 1021.0, 857.0], [1013.0, 598.0, 1161.0, 860.0], [1169.0, 604.0, 1286.0, 875.0], [1329.0, 619.0, 1459.0, 904.0], [1567.0, 618.0, 1674.0, 931.0]]","[[998.0, 696.0], [868.0, 692.0], [756.0, 696.5], [656.5, 695.0], [567.5, 696.5], [489.5, 695.5], [445.0, 701.0], [429.0, 704.5], [449.0, 710.5], [494.5, 716.5], [577.5, 715.5], [692.0, 720.5], [826.5, 720.0], [949.0, 728.0], [1087.0, 729.0], [1227.5, 739.5], [1394.0, 761.5], [1620.5, 774.5]]","[0, 0, 0, 2, 0, 0, 0, 0, 0, 0, 0, 2, 1, 0, 0, 2, 2, 2]","[[1], [1], [1], [1], [1], [1], [1], [1], [1], [1], [1], [1], [1], [1], [1], [1], [1], [1]]"
"['../JAAD\\images\\video_0134\\00013.png', '../JAAD\\images\\video_0134\\00028.png', '../JAAD\\images\\video_0134\\00043.png', '../JAAD\\images\\video_0134\\00058.png', '../JAAD\\images\\video_0134\\00073.png', '../JAAD\\images\\video_0134\\00088.png', '../JAAD\\images\\video_0134\\00103.png', '../JAAD\\images\\video_0134\\00118.png', '../JAAD\\images\\video_0134\\00133.png', '../JAAD\\images\\video_0134\\00148.png', '../JAAD\\images\\video_0134\\00163.png', '../JAAD\\images\\video_0134\\00178.png', '../JAAD\\images\\video_0134\\00193.png', '../JAAD\\images\\video_0134\\00208.png', '../JAAD\\images\\video_0134\\00223.png', '../JAAD\\images\\video_0134\\00238.png', '../JAAD\\images\\video_0134\\00253.png', '../JAAD\\images\\video_0134\\00268.png']","[['0_134_797b'], ['0_134_797b'], ['0_134_797b'], ['0_134_797b'], ['0_134_797b'], ['0_134_797b'], ['0_134_797b'], ['0_134_797b'], ['0_134_797b'], ['0_134_797b'], ['0_134_797b'], ['0_134_797b'], ['0_134_797b'], ['0_134_797b'], ['0_134_797b'], ['0_134_797b'], ['0_134_797b'], ['0_134_797b']]","[[725.0, 668.0, 754.0, 766.0], [738.0, 645.0, 772.0, 752.0], [749.0, 654.0, 785.0, 768.0], [739.0, 664.0, 773.0, 792.0], [687.0, 666.0, 723.0, 812.0], [637.0, 658.0, 686.0, 805.0], [606.0, 667.0, 656.0, 814.0], [574.0, 662.0, 634.0, 820.0], [540.0, 651.0, 612.0, 825.0], [503.0, 644.0, 576.0, 832.0], [477.0, 639.0, 538.0, 829.0], [431.0, 640.0, 520.0, 843.0], [405.0, 626.0, 467.0, 848.0], [347.0, 620.0, 424.0, 867.0], [318.0, 621.0, 391.0, 868.0], [309.0, 618.0, 381.0, 871.0], [316.0, 620.0, 381.0, 873.0], [319.0, 621.0, 387.0, 873.0]]","[[739.5, 717.0], [755.0, 698.5], [767.0, 711.0], [756.0, 728.0], [705.0, 739.0], [661.5, 731.5], [631.0, 740.5], [604.0, 741.0], [576.0, 738.0], [539.5, 738.0], [507.5, 734.0], [475.5, 741.5], [436.0, 737.0], [385.5, 743.5], [354.5, 744.5], [345.0, 744.5], [348.5, 746.5], [353.0, 747.0]]","[2, 2, 2, 2, 2, 2, 2, 2, 1, 1, 0, 0, 0, 0, 0, 0, 0, 2]","[[1], [1], [1], [1], [1], [1], [1], [1], [1], [1], [1], [1], [1], [1], [1], [1], [1], [1]]"
"['../JAAD\\images\\video_0138\\00000.png', '../JAAD\\images\\video_0138\\00015.png', '../JAAD\\images\\video_0138\\00030.png', '../JAAD\\images\\video_0138\\00045.png', '../JAAD\\images\\video_0138\\00060.png', '../JAAD\\images\\video_0138\\00075.png', '../JAAD\\images\\video_0138\\00090.png', '../JAAD\\images\\video_0138\\00105.png', '../JAAD\\images\\video_0138\\00120.png', '../JAAD\\images\\video_0138\\00135.png', '../JAAD\\images\\video_0138\\00150.png', '../JAAD\\images\\video_0138\\00165.png', '../JAAD\\images\\video_0138\\00180.png', '../JAAD\\images\\video_0138\\00195.png', '../JAAD\\images\\video_0138\\00210.png', '../JAAD\\images\\video_0138\\00225.png', '../JAAD\\images\\video_0138\\00240.png', '../JAAD\\images\\video_0138\\00255.png']","[['0_138_858b'], ['0_138_858b'], ['0_138_858b'], ['0_138_858b'], ['0_138_858b'], ['0_138_858b'], ['0_138_858b'], ['0_138_858b'], ['0_138_858b'], ['0_138_858b'], ['0_138_858b'], ['0_138_858b'], ['0_138_858b'], ['0_138_858b'], ['0_138_858b'], ['0_138_858b'], ['0_138_858b'], ['0_138_858b']]","[[915.0, 648.0, 954.0, 751.0], [768.0, 635.0, 824.0, 750.0], [654.0, 632.0, 707.0, 762.0], [549.0, 626.0, 611.0, 767.0], [462.0, 621.0, 515.0, 779.0], [367.0, 612.0, 436.0, 787.0], [299.0, 603.0, 367.0, 806.0], [260.0, 593.0, 341.0, 828.0], [254.0, 591.0, 340.0, 843.0], [295.0, 596.0, 406.0, 858.0], [387.0, 595.0, 545.0, 867.0], [592.0, 585.0, 732.0, 877.0], [780.0, 582.0, 936.0, 883.0], [985.0, 577.0, 1126.0, 885.0], [1140.0, 577.0, 1299.0, 891.0], [1279.0, 588.0, 1449.0, 902.0], [1460.0, 596.0, 1618.0, 932.0], [1696.0, 597.0, 1872.0, 969.0]]","[[934.5, 699.5], [796.0, 692.5], [680.5, 697.0], [580.0, 696.5], [488.5, 700.0], [401.5, 699.5], [333.0, 704.5], [300.5, 710.5], [297.0, 717.0], [350.5, 727.0], [466.0, 731.0], [662.0, 731.0], [858.0, 732.5], [1055.5, 731.0], [1219.5, 734.0], [1364.0, 745.0], [1539.0, 764.0], [1784.0, 783.0]]","[0, 0, 0, 0, 0, 0, 0, 0, 0, 0, 0, 0, 0, 0, 0, 0, 0, 0]","[[1], [1], [1], [1], [1], [1], [1], [1], [1], [1], [1], [1], [1], [1], [1], [1], [1], [1]]"
"['../JAAD\\images\\video_0014\\00000.png', '../JAAD\\images\\video_0014\\00015.png', '../JAAD\\images\\video_0014\\00030.png', '../JAAD\\images\\video_0014\\00045.png', '../JAAD\\images\\video_0014\\00060.png', '../JAAD\\images\\video_0014\\00075.png', '../JAAD\\images\\video_0014\\00090.png', '../JAAD\\images\\video_0014\\00105.png', '../JAAD\\images\\video_0014\\00120.png', '../JAAD\\images\\video_0014\\00135.png', '../JAAD\\images\\video_0014\\00150.png', '../JAAD\\images\\video_0014\\00165.png', '../JAAD\\images\\video_0014\\00180.png', '../JAAD\\images\\video_0014\\00195.png', '../JAAD\\images\\video_0014\\00210.png', '../JAAD\\images\\video_0014\\00225.png', '../JAAD\\images\\video_0014\\00240.png']","[['0_14_62b'], ['0_14_62b'], ['0_14_62b'], ['0_14_62b'], ['0_14_62b'], ['0_14_62b'], ['0_14_62b'], ['0_14_62b'], ['0_14_62b'], ['0_14_62b'], ['0_14_62b'], ['0_14_62b'], ['0_14_62b'], ['0_14_62b'], ['0_14_62b'], ['0_14_62b'], ['0_14_62b']]","[[749.0, 660.0, 771.0, 705.0], [743.0, 660.0, 763.0, 706.0], [737.0, 652.0, 768.0, 703.0], [745.0, 654.0, 763.0, 713.0], [751.0, 649.0, 775.0, 713.0], [764.0, 646.0, 791.0, 719.0], [766.0, 644.0, 813.0, 726.0], [802.0, 640.0, 845.0, 731.0], [822.0, 639.0, 873.0, 739.0], [883.0, 642.0, 916.0, 750.0], [937.0, 642.0, 971.0, 760.0], [990.0, 641.0, 1033.0, 765.0], [1054.0, 637.0, 1107.0, 769.0], [1126.0, 628.0, 1192.0, 773.0], [1223.0, 624.0, 1295.0, 783.0], [1357.0, 615.0, 1428.0, 799.0], [1552.0, 599.0, 1668.0, 820.0]]","[[760.0, 682.5], [753.0, 683.0], [752.5, 677.5], [754.0, 683.5], [763.0, 681.0], [777.5, 682.5], [789.5, 685.0], [823.5, 685.5], [847.5, 689.0], [899.5, 696.0], [954.0, 701.0], [1011.5, 703.0], [1080.5, 703.0], [1159.0, 700.5], [1259.0, 703.5], [1392.5, 707.0], [1610.0, 709.5]]","[0, 0, 0, 0, 0, 0, 0, 0, 0, 0, 0, 0, 0, 0, 0, 0, 0]","[[1], [1], [1], [1], [1], [1], [1], [1], [1], [1], [1], [1], [1], [1], [1], [1], [1]]"
"['../JAAD\\images\\video_0317\\00008.png', '../JAAD\\images\\video_0317\\00023.png', '../JAAD\\images\\video_0317\\00038.png', '../JAAD\\images\\video_0317\\00053.png', '../JAAD\\images\\video_0317\\00068.png', '../JAAD\\images\\video_0317\\00083.png', '../JAAD\\images\\video_0317\\00098.png', '../JAAD\\images\\video_0317\\00113.png', '../JAAD\\images\\video_0317\\00128.png', '../JAAD\\images\\video_0317\\00143.png', '../JAAD\\images\\video_0317\\00158.png', '../JAAD\\images\\video_0317\\00173.png', '../JAAD\\images\\video_0317\\00188.png', '../JAAD\\images\\video_0317\\00203.png', '../JAAD\\images\\video_0317\\00218.png', '../JAAD\\images\\video_0317\\00233.png', '../JAAD\\images\\video_0317\\00248.png']","[['0_317_2495b'], ['0_317_2495b'], ['0_317_2495b'], ['0_317_2495b'], ['0_317_2495b'], ['0_317_2495b'], ['0_317_2495b'], ['0_317_2495b'], ['0_317_2495b'], ['0_317_2495b'], ['0_317_2495b'], ['0_317_2495b'], ['0_317_2495b'], ['0_317_2495b'], ['0_317_2495b'], ['0_317_2495b'], ['0_317_2495b']]","[[747.0, 687.0, 760.0, 714.0], [754.0, 684.0, 770.0, 715.0], [767.0, 684.0, 783.0, 719.0], [784.0, 691.0, 802.0, 729.0], [806.0, 678.0, 829.0, 722.0], [831.0, 693.0, 855.0, 741.0], [860.0, 689.0, 887.0, 741.0], [894.0, 684.0, 932.0, 743.0], [943.0, 684.0, 978.0, 758.0], [1005.0, 664.0, 1040.0, 756.0], [1074.0, 673.0, 1121.0, 767.0], [1169.0, 678.0, 1216.0, 775.0], [1276.0, 695.0, 1323.0, 798.0], [1393.0, 698.0, 1443.0, 796.0], [1513.0, 692.0, 1561.0, 794.0], [1634.0, 692.0, 1683.0, 793.0], [1773.0, 684.0, 1838.0, 821.0]]","[[753.5, 700.5], [762.0, 699.5], [775.0, 701.5], [793.0, 710.0], [817.5, 700.0], [843.0, 717.0], [873.5, 715.0], [913.0, 713.5], [960.5, 721.0], [1022.5, 710.0], [1097.5, 720.0], [1192.5, 726.5], [1299.5, 746.5], [1418.0, 747.0], [1537.0, 743.0], [1658.5, 742.5], [1805.5, 752.5]]","[1, 0, 0, 0, 0, 0, 0, 0, 0, 0, 0, 0, 1, 2, 2, 2, 2]","[[1], [1], [1], [1], [1], [1], [1], [1], [1], [1], [1], [1], [1], [1], [1], [1], [1]]"
"['../JAAD\\images\\video_0317\\00000.png', '../JAAD\\images\\video_0317\\00015.png', '../JAAD\\images\\video_0317\\00030.png', '../JAAD\\images\\video_0317\\00045.png', '../JAAD\\images\\video_0317\\00060.png', '../JAAD\\images\\video_0317\\00075.png', '../JAAD\\images\\video_0317\\00090.png', '../JAAD\\images\\video_0317\\00105.png', '../JAAD\\images\\video_0317\\00120.png', '../JAAD\\images\\video_0317\\00135.png', '../JAAD\\images\\video_0317\\00150.png', '../JAAD\\images\\video_0317\\00165.png', '../JAAD\\images\\video_0317\\00180.png', '../JAAD\\images\\video_0317\\00195.png', '../JAAD\\images\\video_0317\\00210.png', '../JAAD\\images\\video_0317\\00225.png', '../JAAD\\images\\video_0317\\00240.png']","[['0_317_2500b'], ['0_317_2500b'], ['0_317_2500b'], ['0_317_2500b'], ['0_317_2500b'], ['0_317_2500b'], ['0_317_2500b'], ['0_317_2500b'], ['0_317_2500b'], ['0_317_2500b'], ['0_317_2500b'], ['0_317_2500b'], ['0_317_2500b'], ['0_317_2500b'], ['0_317_2500b'], ['0_317_2500b'], ['0_317_2500b']]","[[755.0, 675.0, 775.0, 714.0], [759.0, 683.0, 779.0, 723.0], [774.0, 667.0, 793.0, 710.0], [787.0, 683.0, 811.0, 732.0], [810.0, 673.0, 835.0, 731.0], [833.0, 666.0, 859.0, 726.0], [861.0, 671.0, 891.0, 740.0], [896.0, 665.0, 926.0, 740.0], [939.0, 662.0, 978.0, 752.0], [993.0, 635.0, 1040.0, 743.0], [1064.0, 634.0, 1107.0, 760.0], [1137.0, 629.0, 1190.0, 763.0], [1242.0, 652.0, 1289.0, 785.0], [1341.0, 643.0, 1388.0, 779.0], [1446.0, 647.0, 1505.0, 802.0], [1559.0, 637.0, 1619.0, 805.0], [1705.0, 631.0, 1766.0, 813.0]]","[[765.0, 694.5], [769.0, 703.0], [783.5, 688.5], [799.0, 707.5], [822.5, 702.0], [846.0, 696.0], [876.0, 705.5], [911.0, 702.5], [958.5, 707.0], [1016.5, 689.0], [1085.5, 697.0], [1163.5, 696.0], [1265.5, 718.5], [1364.5, 711.0], [1475.5, 724.5], [1589.0, 721.0], [1735.5, 722.0]]","[0, 0, 0, 0, 0, 0, 0, 0, 0, 0, 0, 0, 1, 1, 1, 1, 1]","[[1], [1], [1], [1], [1], [1], [1], [1], [1], [1], [1], [1], [1], [1], [1], [1], [1]]"
"['../JAAD\\images\\video_0154\\00000.png', '../JAAD\\images\\video_0154\\00015.png', '../JAAD\\images\\video_0154\\00030.png', '../JAAD\\images\\video_0154\\00045.png', '../JAAD\\images\\video_0154\\00060.png', '../JAAD\\images\\video_0154\\00075.png', '../JAAD\\images\\video_0154\\00191.png', '../JAAD\\images\\video_0154\\00206.png', '../JAAD\\images\\video_0154\\00221.png', '../JAAD\\images\\video_0154\\00236.png', '../JAAD\\images\\video_0154\\00251.png', '../JAAD\\images\\video_0154\\00266.png', '../JAAD\\images\\video_0154\\00281.png', '../JAAD\\images\\video_0154\\00296.png', '../JAAD\\images\\video_0154\\00311.png', '../JAAD\\images\\video_0154\\00326.png']","[['0_154_1042b'], ['0_154_1042b'], ['0_154_1042b'], ['0_154_1042b'], ['0_154_1042b'], ['0_154_1042b'], ['0_154_1042b'], ['0_154_1042b'], ['0_154_1042b'], ['0_154_1042b'], ['0_154_1042b'], ['0_154_1042b'], ['0_154_1042b'], ['0_154_1042b'], ['0_154_1042b'], ['0_154_1042b']]","[[210.0, 656.0, 251.0, 752.0], [201.0, 643.0, 230.0, 753.0], [165.0, 653.0, 197.0, 768.0], [127.0, 652.0, 164.0, 772.0], [88.0, 658.0, 123.0, 786.0], [31.0, 653.0, 81.0, 789.0], [0.0, 622.0, 20.0, 778.0], [0.0, 622.0, 52.0, 805.0], [36.0, 635.0, 131.0, 831.0], [109.0, 643.0, 192.0, 850.0], [188.0, 652.0, 268.0, 867.0], [262.0, 653.0, 385.0, 885.0], [361.0, 657.0, 475.0, 907.0], [501.0, 663.0, 634.0, 936.0], [688.0, 672.0, 837.0, 975.0], [996.0, 671.0, 1150.0, 1038.0]]","[[230.5, 704.0], [215.5, 698.0], [181.0, 710.5], [145.5, 712.0], [105.5, 722.0], [56.0, 721.0], [10.0, 700.0], [26.0, 713.5], [83.5, 733.0], [150.5, 746.5], [228.0, 759.5], [323.5, 769.0], [418.0, 782.0], [567.5, 799.5], [762.5, 823.5], [1073.0, 854.5]]","[0, 0, 0, 0, 0, 0, 2, 0, 0, 0, 0, 0, 0, 0, 0, 0]","[[1], [1], [1], [1], [1], [1], [1], [1], [1], [1], [1], [1], [1], [1], [1], [1]]"
"['../JAAD\\images\\video_0136\\00000.png', '../JAAD\\images\\video_0136\\00015.png', '../JAAD\\images\\video_0136\\00030.png', '../JAAD\\images\\video_0136\\00045.png', '../JAAD\\images\\video_0136\\00060.png', '../JAAD\\images\\video_0136\\00075.png', '../JAAD\\images\\video_0136\\00090.png', '../JAAD\\images\\video_0136\\00105.png', '../JAAD\\images\\video_0136\\00120.png', '../JAAD\\images\\video_0136\\00135.png', '../JAAD\\images\\video_0136\\00150.png', '../JAAD\\images\\video_0136\\00165.png', '../JAAD\\images\\video_0136\\00180.png', '../JAAD\\images\\video_0136\\00195.png', '../JAAD\\images\\video_0136\\00210.png', '../JAAD\\images\\video_0136\\00225.png']","[['0_136_846b'], ['0_136_846b'], ['0_136_846b'], ['0_136_846b'], ['0_136_846b'], ['0_136_846b'], ['0_136_846b'], ['0_136_846b'], ['0_136_846b'], ['0_136_846b'], ['0_136_846b'], ['0_136_846b'], ['0_136_846b'], ['0_136_846b'], ['0_136_846b'], ['0_136_846b']]","[[671.0, 608.0, 691.0, 647.0], [662.0, 612.0, 680.0, 657.0], [649.0, 591.0, 675.0, 639.0], [647.0, 608.0, 669.0, 664.0], [647.0, 605.0, 671.0, 666.0], [652.0, 599.0, 685.0, 666.0], [671.0, 609.0, 711.0, 685.0], [685.0, 591.0, 740.0, 678.0], [710.0, 583.0, 766.0, 681.0], [741.0, 602.0, 806.0, 714.0], [790.0, 572.0, 846.0, 702.0], [856.0, 567.0, 913.0, 723.0], [937.0, 571.0, 1007.0, 759.0], [1049.0, 559.0, 1155.0, 786.0], [1234.0, 562.0, 1379.0, 868.0], [1611.0, 532.0, 1752.0, 914.0]]","[[681.0, 627.5], [671.0, 634.5], [662.0, 615.0], [658.0, 636.0], [659.0, 635.5], [668.5, 632.5], [691.0, 647.0], [712.5, 634.5], [738.0, 632.0], [773.5, 658.0], [818.0, 637.0], [884.5, 645.0], [972.0, 665.0], [1102.0, 672.5], [1306.5, 715.0], [1681.5, 723.0]]","[0, 0, 0, 0, 0, 0, 0, 0, 0, 0, 0, 0, 0, 0, 0, 0]","[[1], [1], [1], [1], [1], [1], [1], [1], [1], [1], [1], [1], [1], [1], [1], [1]]"
"['../JAAD\\images\\video_0159\\00000.png', '../JAAD\\images\\video_0159\\00015.png', '../JAAD\\images\\video_0159\\00030.png', '../JAAD\\images\\video_0159\\00045.png', '../JAAD\\images\\video_0159\\00060.png', '../JAAD\\images\\video_0159\\00075.png', '../JAAD\\images\\video_0159\\00090.png', '../JAAD\\images\\video_0159\\00105.png', '../JAAD\\images\\video_0159\\00120.png', '../JAAD\\images\\video_0159\\00135.png', '../JAAD\\images\\video_0159\\00150.png', '../JAAD\\images\\video_0159\\00165.png', '../JAAD\\images\\video_0159\\00180.png', '../JAAD\\images\\video_0159\\00195.png', '../JAAD\\images\\video_0159\\00210.png', '../JAAD\\images\\video_0159\\00225.png']","[['0_159_1081b'], ['0_159_1081b'], ['0_159_1081b'], ['0_159_1081b'], ['0_159_1081b'], ['0_159_1081b'], ['0_159_1081b'], ['0_159_1081b'], ['0_159_1081b'], ['0_159_1081b'], ['0_159_1081b'], ['0_159_1081b'], ['0_159_1081b'], ['0_159_1081b'], ['0_159_1081b'], ['0_159_1081b']]","[[346.0, 648.0, 399.0, 751.0], [335.0, 651.0, 384.0, 755.0], [319.0, 638.0, 367.0, 746.0], [305.0, 639.0, 351.0, 754.0], [295.0, 628.0, 348.0, 748.0], [288.0, 617.0, 339.0, 746.0], [294.0, 606.0, 347.0, 742.0], [301.0, 606.0, 362.0, 751.0], [327.0, 610.0, 392.0, 763.0], [351.0, 622.0, 417.0, 779.0], [393.0, 632.0, 461.0, 796.0], [435.0, 632.0, 508.0, 805.0], [501.0, 629.0, 579.0, 808.0], [583.0, 639.0, 665.0, 823.0], [709.0, 655.0, 789.0, 847.0], [854.0, 665.0, 945.0, 865.0]]","[[372.5, 699.5], [359.5, 703.0], [343.0, 692.0], [328.0, 696.5], [321.5, 688.0], [313.5, 681.5], [320.5, 674.0], [331.5, 678.5], [359.5, 686.5], [384.0, 700.5], [427.0, 714.0], [471.5, 718.5], [540.0, 718.5], [624.0, 731.0], [749.0, 751.0], [899.5, 765.0]]","[0, 0, 0, 0, 0, 0, 0, 0, 0, 0, 0, 0, 0, 0, 0, 0]","[[1], [1], [1], [1], [1], [1], [1], [1], [1], [1], [1], [1], [1], [1], [1], [1]]"
"['../JAAD\\images\\video_0293\\00000.png', '../JAAD\\images\\video_0293\\00015.png', '../JAAD\\images\\video_0293\\00030.png', '../JAAD\\images\\video_0293\\00045.png', '../JAAD\\images\\video_0293\\00060.png', '../JAAD\\images\\video_0293\\00075.png', '../JAAD\\images\\video_0293\\00090.png', '../JAAD\\images\\video_0293\\00105.png', '../JAAD\\images\\video_0293\\00120.png', '../JAAD\\images\\video_0293\\00135.png', '../JAAD\\images\\video_0293\\00150.png', '../JAAD\\images\\video_0293\\00165.png', '../JAAD\\images\\video_0293\\00180.png', '../JAAD\\images\\video_0293\\00195.png', '../JAAD\\images\\video_0293\\00210.png', '../JAAD\\images\\video_0293\\00225.png']","[['0_293_2281b'], ['0_293_2281b'], ['0_293_2281b'], ['0_293_2281b'], ['0_293_2281b'], ['0_293_2281b'], ['0_293_2281b'], ['0_293_2281b'], ['0_293_2281b'], ['0_293_2281b'], ['0_293_2281b'], ['0_293_2281b'], ['0_293_2281b'], ['0_293_2281b'], ['0_293_2281b'], ['0_293_2281b']]","[[969.0, 669.0, 987.0, 705.0], [957.0, 669.0, 973.0, 708.0], [941.0, 681.0, 958.0, 724.0], [922.0, 671.0, 941.0, 715.0], [899.0, 676.0, 923.0, 720.0], [868.0, 662.0, 899.0, 720.0], [834.0, 670.0, 873.0, 736.0], [794.0, 661.0, 837.0, 737.0], [740.0, 640.0, 792.0, 733.0], [671.0, 657.0, 730.0, 763.0], [589.0, 638.0, 654.0, 765.0], [510.0, 612.0, 577.0, 760.0], [433.0, 616.0, 485.0, 776.0], [337.0, 601.0, 411.0, 778.0], [275.0, 604.0, 353.0, 792.0], [218.0, 605.0, 281.0, 796.0]]","[[978.0, 687.0], [965.0, 688.5], [949.5, 702.5], [931.5, 693.0], [911.0, 698.0], [883.5, 691.0], [853.5, 703.0], [815.5, 699.0], [766.0, 686.5], [700.5, 710.0], [621.5, 701.5], [543.5, 686.0], [459.0, 696.0], [374.0, 689.5], [314.0, 698.0], [249.5, 700.5]]","[2, 2, 2, 2, 2, 0, 0, 0, 0, 0, 0, 1, 0, 2, 0, 2]","[[1], [1], [1], [1], [1], [1], [1], [1], [1], [1], [1], [1], [1], [1], [1], [1]]"
"['../JAAD\\images\\video_0095\\00000.png', '../JAAD\\images\\video_0095\\00015.png', '../JAAD\\images\\video_0095\\00030.png', '../JAAD\\images\\video_0095\\00045.png', '../JAAD\\images\\video_0095\\00060.png', '../JAAD\\images\\video_0095\\00075.png', '../JAAD\\images\\video_0095\\00090.png', '../JAAD\\images\\video_0095\\00105.png', '../JAAD\\images\\video_0095\\00120.png', '../JAAD\\images\\video_0095\\00135.png', '../JAAD\\images\\video_0095\\00150.png', '../JAAD\\images\\video_0095\\00165.png', '../JAAD\\images\\video_0095\\00180.png', '../JAAD\\images\\video_0095\\00195.png', '../JAAD\\images\\video_0095\\00210.png', '../JAAD\\images\\video_0095\\00225.png']","[['0_95_522b'], ['0_95_522b'], ['0_95_522b'], ['0_95_522b'], ['0_95_522b'], ['0_95_522b'], ['0_95_522b'], ['0_95_522b'], ['0_95_522b'], ['0_95_522b'], ['0_95_522b'], ['0_95_522b'], ['0_95_522b'], ['0_95_522b'], ['0_95_522b'], ['0_95_522b']]","[[614.0, 617.0, 634.0, 663.0], [616.0, 634.0, 635.0, 685.0], [619.0, 615.0, 646.0, 672.0], [616.0, 640.0, 646.0, 701.0], [616.0, 612.0, 657.0, 683.0], [625.0, 607.0, 670.0, 689.0], [639.0, 614.0, 693.0, 707.0], [662.0, 600.0, 717.0, 706.0], [694.0, 593.0, 753.0, 714.0], [742.0, 594.0, 802.0, 725.0], [801.0, 589.0, 869.0, 742.0], [883.0, 589.0, 954.0, 759.0], [978.0, 571.0, 1061.0, 768.0], [1097.0, 591.0, 1192.0, 817.0], [1276.0, 575.0, 1385.0, 846.0], [1590.0, 592.0, 1708.0, 944.0]]","[[624.0, 640.0], [625.5, 659.5], [632.5, 643.5], [631.0, 670.5], [636.5, 647.5], [647.5, 648.0], [666.0, 660.5], [689.5, 653.0], [723.5, 653.5], [772.0, 659.5], [835.0, 665.5], [918.5, 674.0], [1019.5, 669.5], [1144.5, 704.0], [1330.5, 710.5], [1649.0, 768.0]]","[0, 0, 0, 0, 0, 0, 0, 0, 0, 0, 0, 0, 0, 0, 0, 0]","[[1], [1], [1], [1], [1], [1], [1], [1], [1], [1], [1], [1], [1], [1], [1], [1]]"
"['../JAAD\\images\\video_0159\\00000.png', '../JAAD\\images\\video_0159\\00015.png', '../JAAD\\images\\video_0159\\00030.png', '../JAAD\\images\\video_0159\\00045.png', '../JAAD\\images\\video_0159\\00060.png', '../JAAD\\images\\video_0159\\00075.png', '../JAAD\\images\\video_0159\\00090.png', '../JAAD\\images\\video_0159\\00105.png', '../JAAD\\images\\video_0159\\00120.png', '../JAAD\\images\\video_0159\\00135.png', '../JAAD\\images\\video_0159\\00150.png', '../JAAD\\images\\video_0159\\00165.png', '../JAAD\\images\\video_0159\\00180.png', '../JAAD\\images\\video_0159\\00195.png', '../JAAD\\images\\video_0159\\00210.png', '../JAAD\\images\\video_0159\\00225.png']","[['0_159_1076b'], ['0_159_1076b'], ['0_159_1076b'], ['0_159_1076b'], ['0_159_1076b'], ['0_159_1076b'], ['0_159_1076b'], ['0_159_1076b'], ['0_159_1076b'], ['0_159_1076b'], ['0_159_1076b'], ['0_159_1076b'], ['0_159_1076b'], ['0_159_1076b'], ['0_159_1076b'], ['0_159_1076b']]","[[266.0, 655.0, 313.0, 757.0], [252.0, 654.0, 299.0, 761.0], [222.0, 637.0, 271.0, 754.0], [202.0, 636.0, 257.0, 762.0], [173.0, 625.0, 236.0, 756.0], [165.0, 617.0, 227.0, 756.0], [153.0, 607.0, 221.0, 751.0], [161.0, 605.0, 234.0, 762.0], [170.0, 607.0, 245.0, 769.0], [194.0, 614.0, 264.0, 785.0], [213.0, 621.0, 294.0, 802.0], [235.0, 623.0, 308.0, 807.0], [272.0, 619.0, 356.0, 815.0], [331.0, 621.0, 417.0, 823.0], [422.0, 641.0, 523.0, 855.0], [533.0, 653.0, 651.0, 877.0]]","[[289.5, 706.0], [275.5, 707.5], [246.5, 695.5], [229.5, 699.0], [204.5, 690.5], [196.0, 686.5], [187.0, 679.0], [197.5, 683.5], [207.5, 688.0], [229.0, 699.5], [253.5, 711.5], [271.5, 715.0], [314.0, 717.0], [374.0, 722.0], [472.5, 748.0], [592.0, 765.0]]","[0, 0, 0, 0, 0, 0, 0, 0, 0, 0, 0, 2, 0, 0, 0, 0]","[[1], [1], [1], [1], [1], [1], [1], [1], [1], [1], [1], [1], [1], [1], [1], [1]]"
"['../JAAD\\images\\video_0208\\00000.png', '../JAAD\\images\\video_0208\\00015.png', '../JAAD\\images\\video_0208\\00030.png', '../JAAD\\images\\video_0208\\00045.png', '../JAAD\\images\\video_0208\\00060.png', '../JAAD\\images\\video_0208\\00075.png', '../JAAD\\images\\video_0208\\00090.png', '../JAAD\\images\\video_0208\\00105.png', '../JAAD\\images\\video_0208\\00120.png', '../JAAD\\images\\video_0208\\00135.png', '../JAAD\\images\\video_0208\\00150.png', '../JAAD\\images\\video_0208\\00165.png', '../JAAD\\images\\video_0208\\00180.png', '../JAAD\\images\\video_0208\\00195.png', '../JAAD\\images\\video_0208\\00210.png']","[['0_208_1497b'], ['0_208_1497b'], ['0_208_1497b'], ['0_208_1497b'], ['0_208_1497b'], ['0_208_1497b'], ['0_208_1497b'], ['0_208_1497b'], ['0_208_1497b'], ['0_208_1497b'], ['0_208_1497b'], ['0_208_1497b'], ['0_208_1497b'], ['0_208_1497b'], ['0_208_1497b']]","[[948.0, 710.0, 968.0, 763.0], [952.0, 701.0, 973.0, 758.0], [960.0, 697.0, 986.0, 765.0], [968.0, 694.0, 1000.0, 762.0], [974.0, 692.0, 1006.0, 760.0], [981.0, 691.0, 1013.0, 770.0], [985.0, 690.0, 1020.0, 770.0], [989.0, 689.0, 1024.0, 769.0], [995.0, 688.0, 1030.0, 767.0], [1003.0, 687.0, 1038.0, 768.0], [1013.0, 687.0, 1052.0, 773.0], [1020.0, 686.0, 1058.0, 777.0], [1028.0, 685.0, 1070.0, 787.0], [1045.0, 681.0, 1092.0, 801.0], [1069.0, 683.0, 1120.0, 809.0]]","[[958.0, 736.5], [962.5, 729.5], [973.0, 731.0], [984.0, 728.0], [990.0, 726.0], [997.0, 730.5], [1002.5, 730.0], [1006.5, 729.0], [1012.5, 727.5], [1020.5, 727.5], [1032.5, 730.0], [1039.0, 731.5], [1049.0, 736.0], [1068.5, 741.0], [1094.5, 746.0]]","[1, 1, 1, 1, 1, 1, 1, 1, 1, 1, 1, 1, 1, 1, 1]","[[1], [1], [1], [1], [1], [1], [1], [1], [1], [1], [1], [1], [1], [1], [1]]"
